Monthly_Income;Years_Experience;Age;Gender_Dummy;Job_Satisfaction
2.185.430.534.813.130;7.405.317.153.544.780;3.030.016.713.558.750;0;8.895.955.800.511.760
4.778.214.378.844.620;21.676.037.895.134.300;2.960.800.355.638.390;0;14.494.322.746.898.100
3.793.972.738.151.320;3.491.783.343.505.630;60.593.965.284.488.700;0;12.478.256.505.901.700
31.939.631.788.866.600;29.288.995.456.382.400;29.728.671.392.926.700;1;13.154.784.430.943.800
12.020.838.819.909.600;3.226.244.591.445.790;3.078.163.712.804.560;0;8.429.275.298.384.420
12.019.753.415.129.100;26.351.334.668.428.600;53.691.718.333.644.200;1;7.554.841.995.888.470
7.613.762.547.568.970;276.910.625.807.141;3.913.777.259.517.530;1;7.022.934.064.268.360
43.977.926.559.872.000;3.396.782.606.261.270;5.450.539.617.689.350;0;13.689.508.296.424.700
32.050.175.528.444.300;9.986.720.354.367.430;21.072.209.405.526.100;0;11.052.432.548.321.700
36.863.266.000.822.000;1.957.699.854.572.560;4.091.584.610.264.900;1;12.019.731.605.419.800
592.630.224.331.111;8.848.377.672.784.080;19.579.839.208.614.200;1;63.257.516.204.963.400
4.864.594.334.728.970;3.950.672.031.986.580;20.944.700.562.401.600;0;16.068.182.117.495.200
4.245.991.883.601.890;3.776.237.358.746.450;6.060.256.030.718.730;0;13.237.268.765.270.500
14.555.259.980.522.400;1.577.072.454.740.230;2.454.453.244.252.690;0;666.755.342.367.252
13.182.123.524.319.500;2.822.300.690.062.750;4.302.377.206.693.520;1;8.114.986.777.319.650
13.253.202.943.404.500;37.009.932.696.626.600;3.732.149.332.223.320;1;9.124.611.815.363.980
18.690.900.933.179.100;7.223.013.805.093.340;34.325.136.334.165.600;1;8.068.882.374.404.960
28.614.039.423.450.700;22.717.809.222.105.100;60.292.167.247.301.800;1;10.265.345.019.136.400
2.443.752.583.889.520;36.619.531.903.521.600;19.025.699.648.448.000;1;12.803.041.274.704.600
18.105.311.308.911.800;13.578.391.434.319.500;49.198.115.250.252.600;0;5.944.901.017.320.160
32.533.380.262.507.000;27.896.810.689.873.500;6.327.953.840.803.680;0;9.972.843.559.594.880
11.277.223.729.341.800;1.189.396.029.490.200;4.432.790.462.270.650;1;5.969.544.132.203.650
18.146.509.184.084.800;36.975.847.815.061.200;6.203.065.571.555.530;1;8.742.235.415.646.630
21.486.282.948.216.100;38.842.329.806.614.700;20.456.120.326.443.100;0;11.205.876.298.941.900
25.523.149.289.766.600;37.770.659.564.537.300;3.768.328.599.648.550;0;10.857.120.290.193.300
4.033.291.826.268.560;1.896.856.866.629.850;30.227.416.175.216.400;0;12.424.640.004.955.200
13.985.320.197.126.100;34.481.706.039.572.500;523.485.853.540.943;0;771.011.084.114.923
28.140.549.728.612.500;3.378.197.594.140.280;6.412.096.325.337.050;1;10.715.333.168.423.100
3.165.865.559.879.190;12.764.018.929.730.200;30.056.912.934.879.600;0;11.147.521.720.310.600
7.090.268.572.399.890;331.566.189.660.271;487.462.062.692.815;1;6.854.561.391.743.910
32.339.518.335.564.700;14.803.053.886.197.000;27.310.588.739.707.700;0;10.014.299.750.145.400
1.267.358.556.592.810;2.385.079.513.928.210;4.457.052.196.486.560;0;6.750.905.471.661.250
7.927.321.684.337.570;9.200.353.491.508.120;39.804.826.874.351.800;0;5.315.531.687.283.180
4.769.984.917.639.990;4.822.675.431.091.150;63.684.250.492.682.200;1;11.817.357.028.037.700
4.845.344.148.835.510;30.781.280.651.683.600;4.660.078.181.673.390;1;13.393.463.358.668.400
41.377.880.665.240.700;2.785.155.103.512.550;3.442.679.948.808.040;0;1.288.942.699.548.710
18.707.619.612.801.600;13.594.998.550.722.600;2.336.250.188.973.280;1;8.981.183.875.905.270
9.395.245.130.287.270;2.899.067.086.115.040;25.108.600.950.541.900;1;8.593.426.317.018.260
3.579.048.619.304.700;2.614.253.631.957.690;2.858.989.570.770.800;0;11.029.660.001.941.800
2.480.686.221.828.200;12.611.613.513.224.400;29.795.433.082.994.000;0;10.827.046.702.554.900
10.491.720.568.015.000;2.157.965.169.501.340;5.797.895.471.853.340;1;6.600.668.525.561.360
27.282.960.955.007.100;31.628.926.593.558.500;4.437.747.104.927.860;1;10.766.005.467.601.100
6.547.483.450.184.820;12.750.100.117.282.700;4.259.937.283.459.520;1;56.518.039.341.452.900
4.591.941.809.354.510;25.035.655.057.480.300;23.394.136.977.853.200;0;1.412.890.600.768.150
16.645.099.172.000.700;3.543.910.992.944.740;5.842.656.558.742.340;0;82.025.204.747.364
3.481.350.279.592.910;2.463.452.752.729.210;5.197.227.225.079.870;1;11.418.321.120.328.800
19.026.998.424.023.400;9.318.378.990.145.350;21.180.413.009.300.000;0;8.949.544.491.331.400
28.403.060.953.001.400;;51.268.249.569.799.100;0;7.920.512.075.793.490
29.601.962.570.447.500;34.803.954.956.037.100;4.354.629.621.510.430;1;11.969.011.141.919.600
13.318.450.498.648.700;;2.184.109.125.009.850;1;6.821.918.731.243.850
4.863.130.824.940.510;3.498.806.690.736.790;3.954.013.015.184.680;0;1.641.772.617.080.470
39.880.977.051.250.100;2.115.748.536.108.840;4.078.072.549.511.220;0;12.469.136.581.322.500
4.727.745.237.038.850;3.756.270.794.051.580;2.579.140.338.767.390;1;17.587.215.461.674.800
452.672.307.692.442;31.951.329.430.946.600;62.447.812.909.013.200;0;13.894.237.743.933.000
3.190.549.904.649.880;399.173.644.213.335;5.794.884.245.959.110;0;11.918.080.203.694.500
4.648.434.057.604.020;14.028.472.618.068.400;4.944.404.985.446.800;1;13.631.310.005.588.800
8.982.162.592.336.370;30.687.531.557.245.000;3.972.789.136.702.850;1;7.961.939.123.803.580
13.819.228.808.861.500;16.077.236.544.369.600;37.352.980.454.471.900;0;6.218.539.372.925.480
7.035.228.000.974.210;19.195.024.812.156.300;4.859.575.295.609.480;0;53.734.182.402.872.300
19.639.864.884.346.800;25.100.218.528.734.800;4.363.529.786.212.450;0;9.176.804.551.654.090
2.249.047.803.602.660;3.494.708.456.745.350;20.926.835.976.448.600;1;11.723.071.982.042.100
17.210.706.429.825.300;39.363.338.767.971.800;4.208.762.449.220.550;0;8.784.232.239.390.740
4.229.318.791.183.680;3.073.093.655.458.070;5.590.097.000.994.340;0;13.095.861.780.947.900
21.053.899.701.211.500;1.671.067.128.669.330;39.584.274.247.057.000;1;9.920.472.688.952.660
17.642.052.935.932.100;16.854.280.091.082.800;20.441.959.145.050.600;1;997.810.089.498.788
2.942.132.374.212.110;2.950.329.206.355.560;5.495.507.537.104.950;0;10.465.772.340.273.100
11.341.590.123.864.300;9.551.085.830.732.090;27.464.097.760.390.700;1;7.634.924.641.740.930
4.109.886.413.393.170;4.418.964.525.255.780;30.155.179.239.737.800;1;12.382.277.516.635.900
8.354.778.965.589.680;1.418.488.630.563.100;25.741.198.611.317.900;0;5.666.750.973.589.160
4.940.991.214.702.320;1.148.955.966.616.320;3.352.010.804.896.030;1;14.162.908.806.184.900
3.975.101.461.834.950;11.852.324.818.239.600;5.356.732.076.736.580;1;1.250.146.725.501.480
13.942.205.669.037.700;9.344.310.041.996.390;42.411.135.396.685.000;0;6.278.432.626.418.350
5.248.495.270.562.100;16.837.275.854.544.700;2.762.941.988.508.340;1;5.181.234.277.007.090
4.169.576.428.046.750;7.425.890.689.796.580;5.925.801.367.314.590;0;10.283.529.665.445.600
3.680.858.047.314.270;3.950.889.558.944.120;5.934.034.718.272.180;0;13.507.478.677.434.200
37.805.322.561.844.400;17.110.925.349.434.400;58.917.185.977.162.300;1;1.229.705.869.914.650
39.707.165.600.867.500;15.373.065.886.387.200;29.223.421.934.932.300;1;14.319.497.411.061.900
8.332.009.328.034.060;27.185.891.307.722.700;3.920.824.917.650.640;1;730.133.810.619.929
21.130.957.784.492.200;8.730.155.514.602.560;6.429.451.383.862.110;0;6.857.690.550.509.140
10.214.107.678.630.800;3.799.844.735.800.900;5.428.458.638.656.950;1;7.110.146.730.328.010
4.383.965.416.440.170;31.453.800.576.622.000;1.927.686.879.760.130;0;1.605.885.865.218.910
33.048.415.707.240.100;35.764.400.924.903.800;21.064.615.789.243.100;1;10.758.677.783.751.100
19.890.411.118.369.200;16.703.231.031.397.100;3.980.477.471.017.960;1;8.932.489.752.557.940
7.860.125.762.871.060;35.164.732.302.486.500;6.073.334.967.549.330;1;6.299.884.989.182.050
18.994.204.477.204.700;3.778.928.089.165.640;4.331.898.450.377.750;0;9.361.600.728.215.240
19.633.249.491.203.600;1.869.606.044.999.470;4.139.718.787.761.160;1;8.433.844.124.834.870
3.783.227.802.521.280;2.453.645.556.842.830;2.295.726.389.796.160;1;1.357.757.122.528.080
3.369.008.621.098.450;6.681.357.843.683.000;48.868.664.922.041.800;0;9.559.531.272.014.970
4.492.457.341.593.460;39.646.745.045.479.000;56.638.848.548.210.500;0;140.505.774.619.522
2.624.967.163.228.770;9.266.868.055.337.730;3.587.974.035.285.540;1;10.113.963.709.131.900
10.381.741.067.223.500;37.709.270.965.405.000;54.453.756.993.490.300;1;7.317.970.644.471.330
37.096.015.425.034.700;2.598.586.595.969.470;6.333.040.273.333.810;1;1.194.182.293.862.250
39.235.327.187.760.300;24.309.471.795.154.300;27.577.023.579.001.300;0;14.021.951.578.367.100
3.025.747.389.062.730;20.507.540.440.660.300;4.259.649.266.615.280;0;10.305.675.197.813.900
39.693.523.097.955.200;9.226.792.468.710.340;31.495.484.029.975.000;0;11.743.114.370.215.300
2.722.080.183.639.750;70.611.212.802.203.300;5.526.415.769.459.040;0;8.130.579.872.377.490
2.852.297.732.218.970;8.819.448.362.807.010;451.468.881.964.144;1;10.242.669.527.822.100
2.423.934.582.613.470;7.457.530.485.770.180;4.782.537.362.486.420;0;8.150.256.738.322.020
6.143.860.703.484.280;3.118.337.894.267.010;5.550.196.550.194.700;0;5.682.737.033.709.310
98.551.142.146.987;14.005.010.366.669.200;36.610.612.215.135.300;0;6.502.831.387.110.520
6.414.313.355.903.040;23.137.070.625.358.500;6.100.923.321.513.100;1;33.663.515.005.087.100
33.638.468.506.870.100;38.764.105.205.632.400;4.305.235.676.056.850;1;13.516.884.035.017.600
191.460.191.484.347;3.535.143.539.853.700;25.423.876.673.261.300;0;10.590.428.481.757.700
27.885.681.102.411.600;3.711.009.132.780.850;5.070.725.855.393.370;0;10.856.676.363.440.800
4.584.049.132.667.410;3.979.631.290.585.740;5.528.328.347.059.790;1;14.668.346.225.049.900
16.218.150.311.699.300;6.955.809.968.779.490;3.288.779.882.217.370;1;7.212.364.457.591.810
2.346.723.153.660.330;1.584.968.075.610.630;5.828.742.507.894.130;1;8.814.458.182.035.060
3.899.980.123.443.710;3.032.953.902.816.360;6.058.873.297.399.100;1;1.331.137.697.168.550
1.529.591.744.712.300;27.840.824.722.151.600;31.014.510.906.757.000;1;891.707.004.834.449
8.464.095.942.295.680;6.155.836.253.594.200;6.422.550.921.761.540;1;47.032.039.796.416.400
18.038.815.381.119.500;3.263.332.499.962.470;24.613.441.818.291.600;1;9.444.243.475.978.270
12.254.957.926.430.100;8.977.622.873.466.420;2.749.473.641.491.700;1;7.002.155.729.088.900
4.683.639.435.541.570;8.952.704.592.904.920;26.658.567.444.187.200;0;13.735.037.399.870.700
41.365.417.080.398.700;21.478.976.915.736.500;6.001.751.637.036.990;0;11.535.684.042.329.200
33.503.169.042.969.000;23.717.597.393.668.100;4.875.174.995.927.320;0;10.692.200.914.728.800
44.215.726.558.447.200;23.203.448.313.512.400;25.148.901.311.446.800;0;14.108.086.332.963.600
4.116.524.346.046.010;3.659.473.495.910.190;38.695.200.663.312.400;0;1.173.714.290.276.240
13.395.652.649.871.600;3.509.843.450.521.520;46.919.007.178.280.600;0;804.739.042.227.432
45.165.154.932.049;10.624.001.703.548.200;21.922.811.994.501.000;1;13.167.694.906.306.100
29.270.400.886.204.200;5.180.596.851.312.160;5.947.356.931.514.490;1;7.734.499.383.271.050
4.133.480.698.238.280;3.554.992.319.475.900;5.576.936.616.575.210;0;13.019.054.354.841.000
453.241.084.965.572;38.226.059.929.190.100;41.744.718.358.102;0;15.264.513.868.768.300
19.310.156.373.733.800;3.448.510.469.061.800;6.345.495.091.718.100;1;7.574.339.682.774.540
9.952.336.603.745.450;3.238.064.298.899.510;37.634.766.025.929.600;1;7.949.315.370.496.400
15.257.082.314.387.300;2.620.967.922.556.080;642.531.849.947.154;1;7.172.407.622.927.860
24.219.850.488.181.500;22.034.294.824.365.500;4.939.223.994.377.040;0;9.831.270.575.501.250
4.181.066.446.651.210;34.794.703.964.564.000;4.782.954.984.293.520;1;11.556.502.127.015.700
4.373.287.624.653.540;16.338.128.522.827.900;25.799.880.078.901.800;0;13.955.126.019.558.600
5.312.845.873.903.580;1.490.754.068.049.250;5.945.060.464.031.820;0;435.327.076.724.794
27.983.628.615.990.400;1.039.015.135.041.300;38.092.015.332.268.900;1;895.805.382.471.409
23.783.495.141.695.000;28.936.804.547.543.300;2.562.497.007.177.650;1;11.674.498.496.869.500
1.499.485.147.118.280;19.835.029.403.150.800;18.592.553.438.860.600;0;876.384.322.727.375
10.393.941.530.015.700;32.418.486.363.059.100;4.430.851.713.100.390;1;5.876.844.660.194.710
20.192.682.713.163.200;8.807.328.077.992.450;4.278.778.223.976.570;1;10.066.852.530.101.900
4.743.093.667.606.330;27.330.350.546.383.800;5.180.962.025.135.040;0;13.040.077.896.606.500
19.544.131.940.933.900;30.452.343.796.120.000;59.842.128.491.836.700;1;7.522.687.038.844.470
28.345.577.978.451.400;3.404.827.656.195.070;21.732.109.478.222.300;0;12.162.648.487.035.000
36.635.853.150.283;19.805.861.080.558.900;5.238.033.504.599.700;0;11.436.287.216.402.900
21.363.332.107.068.200;1.922.346.309.306.590;26.808.361.372.586.300;1;994.736.927.757.898
4.873.019.372.244.320;23.696.311.386.380.700;5.833.432.149.838.670;0;13.512.909.413.780.700
48.310.128.272.395;32.987.238.637.005.900;56.495.985.151.497.800;0;14.191.289.023.745.200
16.330.203.312.141.300;13.912.368.316.087.700;4.341.730.648.432.050;1;787.291.917.128.577
27.376.182.765.157.300;27.120.646.102.362.500;5.138.141.153.529.560;1;981.723.081.611.985
18.539.523.941.754.600;22.629.278.559.831.600;32.774.455.319.636.100;1;9.754.813.890.916.530
17.817.822.246.986.000;10.681.130.806.776.800;4.014.489.124.984.220;0;7.202.713.149.004.610
6.659.912.630.953.970;3.514.519.945.420.630;56.616.934.192.392.100;0;5.747.717.103.387.510
32.430.395.029.095.300;31.897.040.864.277.100;3.958.546.426.714.100;1;12.333.562.632.606.200
27.620.556.045.298.700;2.633.807.338.633.700;3.481.651.847.029.570;0;11.518.905.764.883.200
7.316.543.806.249.520;34.023.269.163.769.600;41.227.985.020.764.000;1;7.356.103.499.805.160
17.539.090.890.647.500;346.917.680.383.921;56.927.714.864.549.200;1;9.116.000.687.078.210
4.587.196.486.849.940;2.833.451.906.860.130;33.754.778.226.431.000;0;1.438.793.745.000.870
1.578.028.508.001.370;3.348.053.313.454.680;26.166.794.877.379.900;1;10.405.120.847.859.300
11.520.269.244.105.000;27.898.858.466.771.300;51.464.658.955.546.600;0;7.305.483.447.780.480
27.025.374.212.490.300;27.205.630.870.412.000;56.820.975.997.279.800;0;1.066.478.092.891.520
4.935.427.043.497.700;2.474.445.512.860.730;22.729.961.490.606.000;1;16.126.130.450.004.000
15.892.487.218.017.500;30.108.665.582.305.600;292.740.832.995.294;0;9.457.813.927.590.430
35.246.099.633.264.500;6.344.204.211.722.940;24.672.683.518.766.700;1;11.872.155.857.421.800
3.927.288.268.979.220;3.523.483.036.795.710;34.353.246.344.361.800;0;14.603.636.541.108.400
15.693.689.479.657.900;3.487.374.110.980.920;3.916.649.600.855.430;0;8.610.896.190.484.250
3.776.973.568.753.360;11.698.913.213.823.600;531.948.378.372.754;0;10.360.299.207.792.100
21.550.240.972.366.300;3.303.267.002.259.050;4.860.393.648.943.860;1;9.925.116.323.750.240
33.453.762.376.711.000;5.154.794.698.937.800;4.718.364.267.148.620;0;9.711.859.829.128.670
3.350.883.698.424.020;13.404.754.170.365.600;3.456.162.249.065.370;1;11.591.942.848.168.800
29.109.860.783.364.100;2.974.033.025.166.430;57.548.034.994.983.700;0;10.449.917.025.270.100
9.063.039.652.448.370;6.430.395.841.932.320;40.150.496.867.713.700;0;5.261.400.232.897.590
4.258.861.230.151.570;32.718.680.964.762.400;6.401.793.208.671.220;1;13.541.676.924.733.700
19.435.102.923.728.100;3.328.536.711.830.960;4.780.468.049.989.960;1;10.448.674.957.996.500
1.339.333.296.799.340;20.298.709.350.433.400;2.393.444.285.353.160;1;9.098.566.041.764.390
6.834.881.369.964.370;;497.803.454.175.454;1;4.832.971.088.857.920
3.159.018.244.347.080;11.481.525.326.996.500;3.327.988.872.528.980;1;1.084.479.431.557.740
35.490.396.282.902.700;24.677.076.735.029.600;5.025.737.824.424.650;0;11.114.756.069.056.400
5.746.452.301.753.520;3.924.744.712.109.690;2.127.313.396.363.300;0;8.703.079.810.975.680
2.804.418.762.346.760;25.272.541.080.666.700;26.219.427.547.270.000;1;12.257.692.830.048.200
15.192.309.883.907.200;1.039.214.324.256.630;5.821.965.116.857.190;0;6.695.186.215.633.640
34.032.775.568.425.200;25.360.228.123.984.400;286.774.391.801.052;0;1.209.951.109.161.390
12.846.489.305.224.600;21.599.415.188.634.200;5.734.093.288.641.810;0;63.154.301.041.345.700
36.092.198.214.610.900;31.193.815.806.045.700;3.112.597.615.735.720;1;1.283.790.401.827.520
2.240.309.058.352.410;4.279.225.553.078.330;4.821.544.977.275.920;0;7.215.948.119.282.700
4.715.284.949.315.300;3.044.111.610.008.110;50.625.076.954.962.000;0;1.483.289.059.417.870
11.188.442.486.569.600;21.650.663.147.044.400;4.209.477.339.781.740;0;663.175.518.957.252
20.347.985.797.261.600;3.851.968.015.435.970;3.234.960.180.474.630;1;11.353.931.379.164.200
10.106.308.455.826.500;13.674.886.641.547.400;2.799.428.568.944.150;0;6.620.286.785.018.110
4.661.121.282.253.530;25.304.875.725.357.900;1.955.989.966.443.400;0;15.530.666.153.424.700
4.448.027.090.214.410;372.811.242.204.007;3.228.548.085.831.400;1;15.190.424.380.237.300
16.607.373.247.182.000;410.038.911.962.717;4.869.865.115.497.030;1;675.717.794.607.501
34.699.282.071.538.000;3.748.913.948.945.800;6.210.032.646.707.860;0;1.033.840.326.465.990
4.177.499.900.905.470;27.515.428.892.032.500;5.894.661.066.636.340;0;1.251.545.550.077.430
29.984.036.521.975.800;2.713.482.364.206.870;5.400.504.449.715.920;1;819.839.704.681.618
28.834.276.026.020.200;1.203.854.267.787.260;5.505.702.513.290.500;1;10.080.084.621.062.000
15.883.353.090.520.300;28.326.883.545.811.200;49.254.290.463.371.700;1;8.868.810.454.982.630
9.189.624.551.265.460;2.694.024.058.750.860;3.023.348.230.560.210;1;6.275.108.210.656.090
4.537.470.910.789.970;2.328.681.840.705.090;60.638.166.443.174;1;1.416.648.208.556.500
4.551.881.257.234.980;1.383.532.227.811.820;49.524.418.659.574.100;1;12.759.909.103.328.300
33.489.565.577.297.000;24.836.620.710.699.000;44.340.709.656.080.600;1;12.841.488.888.469.000
20.256.340.597.191.500;1.829.681.352.500.510;2.321.650.505.303.360;0;8.502.913.157.116.850
2.071.443.085.756.970;3.486.147.224.609.500;3.901.161.055.890.190;1;1.036.294.577.964.690
3.766.800.554.916.070;38.939.558.767.095.800;3.963.683.874.649.050;1;1.473.473.394.746.670
45.369.961.697.865.900;3.875.511.421.142.760;5.863.448.964.756.540;0;13.689.530.237.903.300
4.491.888.909.193.020;2.998.607.326.971.690;4.369.246.634.882.600;1;14.285.783.281.758.200
40.094.399.563.593.000;5.203.449.605.225.270;3.587.882.580.160.920;1;11.836.919.729.436.300
3.389.142.407.694.290;30.330.527.837.160.900;6.390.961.544.000.090;0;10.744.757.416.329.400
8.786.298.424.777.190;;23.203.867.886.336.800;1;5.647.465.601.926.630
1.227.329.213.425.760;;378.597.761.306.614;0;6.244.006.518.758.900
4.543.493.848.371.850;12.944.408.765.981.600;1.997.515.973.305.600;0;13.994.355.211.184.500
3.228.930.768.468.150;19.545.727.616.186.600;5.277.549.367.604.570;0;10.558.997.546.607.300
5.413.867.322.748.330;3.081.629.671.231.170;6.114.959.795.336.000;0;520.542.162.065.976
9.566.219.428.971.440;2.733.181.506.426.020;31.161.754.488.873;1;7.131.399.716.217.190
3.485.757.960.986.250;17.836.108.255.069.900;5.834.205.880.955.860;0;10.616.330.321.095.800
5.227.771.273.079.840;10.945.066.651.266.600;31.734.256.831.709.100;0;4.378.319.257.421.950
1.223.636.231.378.740;39.884.980.006.308.400;6.080.619.759.726.400;1;8.063.443.960.356.220
29.693.020.521.496.300;17.047.252.089.438.900;5.343.620.946.904.880;0;8.946.416.278.585.540
36.135.283.896.171.100;1.805.548.097.318.700;5.583.061.851.154.760;0;11.873.602.331.127.200
34.338.256.677.617.000;6.544.952.847.666.760;1.884.630.811.322.130;0;11.904.613.518.763.000
1.509.211.892.572.510;31.792.381.949.997.100;6.325.208.678.247.920;0;7.452.086.897.656.590
37.048.064.960.639.100;27.747.289.031.259.500;5.215.353.662.730.510;1;13.153.572.622.090.600
15.676.208.937.356.000;8.830.784.511.550.410;3.232.330.148.314.820;0;6.802.381.485.504.950
19.642.986.417.167.000;3.295.241.824.633.700;5.698.154.924.836.580;1;7.114.878.856.320.860
3.859.211.323.031.100;27.219.972.082.988.500;3.123.149.632.550.170;1;13.934.350.813.285.500
3.423.348.045.712.460;2.618.044.857.124.540;5.901.943.045.960.800;0;11.122.170.494.810.900
43.215.053.472.238.000;10.930.381.079.928.300;2.329.127.834.936.100;0;139.890.540.134.272
3.459.258.015.351.540;3.803.454.249.001.640;510.732.409.406.574;0;12.773.863.434.261.400
30.573.887.150.096.200;6.042.315.671.236.000;4.341.282.840.231.070;0;9.571.883.095.015.090
9.215.364.552.264.160;17.293.392.041.704.000;22.537.120.099.185.700;1;6.772.244.550.715.720
2.154.721.113.767.450;3.774.463.680.670.390;29.369.009.928.165.400;1;10.880.539.528.023.200
16.934.106.545.677.600;1.678.909.267.704.480;18.582.989.705.033.700;1;923.944.477.124.957
15.979.533.952.058.700;2.554.103.790.656.340;4.003.209.437.683.170;0;8.284.271.291.233.560
4.878.547.496.386.000;15.903.775.918.511.700;3.215.946.725.572.000;1;14.356.321.841.129.900
22.689.397.610.004.200;10.968.608.093.946.800;46.122.801.761.994.600;0;9.315.066.419.206.060
451.420.949.829.701;39.359.105.918.393.100;31.970.176.962.305.000;0;16.336.835.649.577.000
3.340.123.816.987.680;1.637.336.025.260.170;3.209.619.824.082.820;0;11.686.365.702.338.300
4.076.650.865.937.410;3.576.396.814.716.530;5.293.008.034.038.530;0;1.340.393.359.727.060
27.618.669.189.733.600;9.198.184.235.643.440;2.026.271.329.098.260;0;10.140.348.427.298.400
3.096.067.480.818.610;8.524.188.161.003.330;604.360.647.740.234;1;8.876.307.545.805.200
27.163.296.221.848.800;12.453.633.153.804.500;58.056.402.096.385.500;1;8.168.208.464.040.360
13.785.934.450.912.000;26.066.673.015.035.400;4.938.682.011.164.110;0;7.502.055.995.874.550
3.751.034.518.676.770;14.741.053.748.950.400;4.588.141.379.504.700;1;11.266.402.359.776.400
1.763.475.630.983.850;3.457.432.999.358.540;5.993.821.741.256.360;0;8.463.074.999.448.800
6.094.218.489.415.420;18.928.396.267.662.200;2.671.051.843.784.950;0;6.319.959.952.991.210
3.404.625.331.582.250;3.872.773.711.658.880;21.711.550.622.968.900;0;12.867.988.322.404.400
12.969.980.573.317.200;7.421.020.628.124.840;29.256.977.985.748.200;1;6.794.636.360.236.260
4.732.063.629.588.110;34.744.926.718.224.400;5.534.517.909.890.890;0;14.269.659.674.977.900
4.792.678.596.511.640;3.106.387.411.166.960;19.629.502.536.144.700;0;17.032.835.823.819.700
4.616.889.755.992.010;3.083.687.378.576.200;45.391.921.248.924.000;1;15.209.409.914.665.600
21.657.141.511.494.900;3.379.132.912.467.550;6.478.556.326.099.150;1;8.627.715.684.673.510
5.695.547.743.799.030;30.440.959.637.719.900;5.821.771.641.036.430;1;6.406.518.643.968.000
4.677.433.531.644.760;25.048.812.865.256.600;4.250.794.738.504.870;0;1.345.972.272.878.840
24.268.286.674.279.100;5.249.795.107.295.500;2.099.112.273.647.210;0;9.765.430.333.559.390
4.849.946.685.696.510;13.010.471.796.500.700;57.074.555.176.128.300;1;12.214.687.061.049.600
4.836.289.896.901.630;3.683.391.391.262.740;461.519.898.843.289;0;15.264.875.318.227.400
433.854.254.960.312;24.666.012.580.829.500;2.340.185.086.179.960;1;15.643.171.886.353.700
18.250.200.143.131.300;31.861.491.639.047.000;22.411.292.386.697.700;1;9.934.812.956.123.020
22.329.397.787.086.600;19.260.894.060.502.000;6.075.246.051.351.980;0;7.270.568.964.025
4.330.115.021.825.850;4.692.327.558.495.770;4.945.241.235.808.960;0;11.271.195.967.253.800
19.261.490.232.032.400;50.074.316.881.020.100;5.697.647.956.788.750;1;7.423.258.028.569.940
12.627.173.600.874.100;27.422.611.489.158.800;5.931.200.831.326.650;1;6.493.970.185.905.780
30.056.056.810.625.700;17.212.235.795.978.500;44.873.300.546.271.100;1;922.844.739.943.459
4.712.696.483.723.510;8.020.989.068.013.460;4.231.997.853.248.690;1;13.225.493.737.059.200
36.321.340.850.373.700;19.663.781.869.657.400;3.823.008.828.508.650;0;12.201.736.705.348.400
30.652.752.654.021.400;25.683.574.830.053.600;3.289.648.962.618.260;1;10.791.325.523.004.900
9.372.942.219.684.580;23.278.856.076.575.900;3.842.601.016.035.940;1;7.084.015.741.002.320
3.267.532.520.146.260;10.759.736.177.403.900;5.437.234.381.931.730;1;9.971.513.439.960.970
4.955.242.325.469.180;31.902.364.025.487.500;4.629.040.125.771.110;0;1.572.510.407.721.960
11.303.780.685.643.500;1.241.447.835.694.290;5.994.859.462.787.770;0;4.321.613.824.442.550
2.832.483.435.636.810;1.820.880.596.327.200;3.883.886.067.582.180;1;10.485.467.926.952.700
4.448.178.823.675.790;;46.533.210.199.781.400;0;11.702.094.810.030.900
383.345.877.989.392;2.897.875.511.782.350;4.767.145.499.532.340;0;10.739.784.211.606.700
3.636.570.834.478.700;15.699.742.256.267.300;458.097.666.283.973;0;10.983.729.371.443.400
36.611.783.779.419.900;1.919.755.338.868.490;51.023.787.335.019.200;1;11.824.192.166.080.700
2.117.710.180.488.890;24.000.821.924.772.100;29.159.373.013.615.800;1;8.953.353.787.572.270
18.211.632.991.902.200;1.166.650.314.837.210;4.208.109.754.465.210;0;714.246.776.685.068
4.142.125.199.653.310;27.799.275.445.061.700;22.898.565.731.992.300;1;15.090.018.504.589.100
4.145.510.276.056.310;3.440.489.588.756.810;3.607.203.239.930.610;1;14.248.663.586.025.400
44.018.254.336.104.600;31.194.039.555.733.900;4.092.035.222.519.940;0;1.428.264.853.121.440
460.958.248.650.412;15.847.530.139.342.800;4.865.454.019.863.720;0;12.136.654.454.592.400
280.104.079.487.422;19.220.277.890.313.100;6.267.495.947.155.150;1;933.468.124.696.703
2.756.823.326.092.390;4.197.207.136.726.990;46.230.600.127.772.700;0;8.623.125.102.232.600
40.923.283.053.504.800;9.681.800.634.501.090;5.294.891.406.029.830;1;11.330.388.675.803.800
34.248.376.884.999.400;3.946.650.373.068.580;4.179.450.479.627.450;1;13.313.964.795.793.000
3.658.850.947.659.660;5.699.821.716.060.520;47.802.889.474.687.500;0;10.688.651.243.664.400
4.081.067.012.462.450;19.955.526.138.054.200;2.133.381.415.828.730;1;14.270.371.888.539.000
4.505.024.038.179.040;24.726.229.372.724.700;29.956.404.299.566.800;1;14.697.060.576.415.700
2.020.978.205.831.910;28.098.598.821.764.100;35.007.095.380.641.500;0;9.651.597.750.518.270
2.190.123.286.879.740;22.385.947.339.476.500;4.020.718.768.530.610;0;9.518.067.871.970.620
9.229.187.292.839.100;;20.145.491.038.612.000;0;4.844.858.979.089.860
31.022.606.344.827.800;13.058.452.329.759.600;24.581.132.585.005.900;1;1.209.967.785.857.390
6.617.402.320.853.390;20.708.465.735.388.400;31.010.272.466.191.300;0;62.615.167.303.516.500
25.951.910.815.960.700;3.514.659.965.793.330;6.366.203.647.234.930;0;7.501.198.103.458.250
29.419.008.561.840.900;1.402.507.724.836.720;3.357.330.933.384.330;0;10.925.765.887.368.000
17.894.356.345.772.700;13.281.243.516.546.600;40.655.929.731.267.800;0;5.966.487.882.108.300
31.587.496.725.605.400;31.431.398.862.008.200;2.721.659.249.870.440;1;10.353.400.409.868.100
6.372.511.247.257.220;15.876.931.048.063.800;4.670.666.334.056.110;1;55.650.492.183.306.400
6.680.668.493.714.640;5.308.630.161.722.410;3.119.211.112.925.070;0;4.809.341.794.655.960
4.201.702.522.968.460;22.701.633.930.462.300;27.728.651.186.606.000;1;15.200.571.488.962.000
21.208.578.863.506.800;2.757.859.876.549.060;42.278.913.536.961.000;0;8.905.671.950.179.160
10.717.723.069.334.800;3.202.346.796.436.330;1.825.877.256.053.970;0;8.514.710.033.245.600
28.500.946.702.466.100;8.006.009.769.792.400;1.836.020.953.451.350;1;1.102.485.416.115.240
39.649.709.889.437.400;669.930.329.036.279;28.296.234.027.787.300;1;11.949.999.776.689.100
14.711.946.237.357.900;418.271.361.337.601;19.725.904.037.538.500;0;7.092.870.778.786.600
3.303.007.141.185.500;25.457.209.981.745.400;23.077.210.444.142.400;0;12.647.457.189.328.600
884.063.592.471.956;28.259.029.059.476.000;3.392.645.051.892.130;1;7.666.096.781.564.670
7.325.677.452.587.340;12.634.457.930.256.800;557.215.269.402.512;0;37.334.413.774.969.800
2.891.095.842.056.660;37.448.489.849.747.500;44.886.286.238.357.100;1;11.769.090.503.951.000
2.932.858.047.245.470;20.788.513.460.588.900;4.209.538.311.995.150;0;8.170.019.891.587.700
33.684.345.567.419.200;2.165.185.341.204.280;31.793.974.690.781.700;0;1.204.011.525.757.780
3.767.411.001.751.970;28.362.420.778.036.600;6.179.242.481.334.230;1;1.309.166.096.090.330
4.891.334.357.581.400;3.483.876.494.984.340;36.659.706.938.148.000;1;16.245.985.379.634.600
2.823.351.567.355.370;2.856.347.728.529.710;2.209.336.003.940.120;1;12.439.745.374.188.200
19.533.041.282.356.000;32.069.123.322.791.600;4.700.212.625.753.660;1;9.968.393.186.976.140
40.783.378.764.591.600;13.578.007.701.712.200;23.350.404.493.400.200;1;1.294.073.089.611.190
1.718.745.130.679.330;3.259.300.454.986.040;3.422.548.771.167.950;1;10.684.913.568.828.300
24.753.713.931.753.600;32.045.938.553.870.000;4.184.836.111.973.700;1;8.715.856.637.006.230
8.530.537.160.401.960;35.792.666.242.421.100;59.088.458.660.203.200;0;7.431.026.248.008.470
6.140.783.453.695.580;2.190.369.504.614.940;4.119.668.927.598.550;0;55.541.013.328.698
4.831.917.866.050.660;3.269.191.079.849.970;5.100.616.200.348.820;0;15.637.911.457.085.800
4.261.910.542.304.920;18.092.731.380.732.000;646.623.914.329.563;1;1.262.569.777.043.790
36.318.839.274.216.400;25.743.107.807.860.900;24.179.988.635.205.100;1;13.890.737.090.638.000
2.340.288.249.864.210;21.056.106.437.444.500;30.912.381.699.417.400;1;10.436.458.156.929.600
1.279.824.440.318.800;29.263.580.870.213.200;36.545.075.553.089.300;0;794.921.726.356.298
12.039.666.920.198.800;3.265.199.281.223.580;37.825.924.391.325.000;1;6.878.118.936.208.340
1.626.093.041.740.670;2.414.083.359.622.550;37.317.990.537.480.600;1;7.149.593.160.301.150
2.971.519.991.177.540;9.884.129.360.405.850;6.065.771.712.015.800;0;7.717.349.623.386.070
37.156.816.521.502.800;6.381.787.204.527.530;5.155.953.428.994.220;1;10.305.336.335.312.100
34.708.881.952.297.900;3.487.134.266.368.800;4.657.154.506.226.300;0;123.099.836.743.451
17.597.025.362.567.400;8.768.559.494.321.770;3.254.051.773.955.070;0;7.748.863.436.664.460
4.796.893.762.984.370;3.903.461.023.276.520;5.671.814.805.840.080;1;1.535.235.469.721.990
3.820.536.125.130.950;13.475.831.670.844.200;6.288.784.403.979.440;1;11.684.231.976.836.500
2.994.593.236.301.300;7.284.716.627.547.970;56.596.319.279.860.600;1;8.266.596.906.794.090
32.527.433.580.545.800;31.587.940.285.699.100;18.073.559.943.999.200;0;13.200.637.910.017.700
23.882.002.809.250.500;26.348.311.020.035.000;47.910.864.398.620.100;0;8.579.732.610.828.320
16.147.894.527.552.000;1.992.782.865.812.550;20.403.362.927.778.700;0;9.183.493.199.513.600
2.101.877.053.930.670;2.221.454.203.750.520;30.107.539.355.684.900;1;9.928.311.145.856.520
3.910.307.497.089.660;28.768.071.130.890.500;2.079.766.091.634.520;1;14.791.982.624.845.300
5.647.706.988.339.010;9.138.189.653.251.940;4.637.838.628.862.120;1;4.609.735.775.202.010
10.223.268.822.811.200;39.853.356.642.269.600;5.026.972.593.415.250;1;885.916.846.506.507
7.070.118.890.978.870;38.991.726.485.871.300;2.338.091.898.909.750;0;8.885.178.279.640.020
6.832.796.104.353.650;26.013.027.453.877.400;3.604.042.750.311.400;0;6.937.352.193.531.170
4.349.572.628.049.530;7.981.698.037.165.800;3.944.311.592.091.040;0;12.300.766.679.595.000
36.664.603.672.101.000;27.209.129.697.251.600;3.534.549.202.276.300;0;13.032.305.151.709.700
26.337.822.308.929.600;28.879.363.591.670.300;23.688.175.022.804.000;1;9.460.744.335.385.410
9.402.537.229.295.060;12.261.000.882.322.400;3.769.054.613.881.130;1;6.021.845.975.487.380
27.122.714.380.257.400;10.307.315.540.448.500;5.330.536.824.699.560;1;9.908.600.154.099.550
26.306.229.685.125.400;18.504.918.269.572.600;21.337.360.233.063.000;0;11.210.076.666.927.300
12.794.084.145.950.600;3.473.090.021.633.520;21.768.460.661.849.400;0;8.884.064.578.500.770
2.452.332.421.570.870;29.086.762.790.652.300;34.674.250.716.291.200;1;11.178.601.989.215.900
22.932.713.047.881.800;2.970.826.084.799.920;6.226.110.844.608.940;1;8.703.577.283.232.500
32.713.254.412.349.700;17.019.733.377.923.000;4.942.291.439.597.690;0;10.719.278.988.492.700
3.357.921.428.904.390;13.837.399.701.878.500;49.897.487.963.610.500;1;11.053.262.142.209.800
7.038.680.439.742.000;14.841.550.519.384.100;3.501.023.956.937.960;0;4.909.639.981.264.060
21.857.567.658.191.200;39.505.982.549.442.300;4.590.205.718.680.130;0;9.655.997.354.297.380
3.316.369.620.714.060;16.043.676.564.992.900;1.847.616.564.930.390;0;10.695.710.923.110.900
27.641.131.636.103.900;34.681.259.844.897.900;47.896.514.181.248.400;1;1.125.747.153.217.970
435.420.428.534.745;23.147.016.342.895.700;6.092.448.653.608.310;1;12.409.207.083.612.900
34.641.213.422.852.500;1.754.461.676.758.360;467.909.530.122.065;0;11.186.753.740.042.900
12.332.049.218.664.300;2.901.030.641.660.540;5.906.383.389.291.820;1;745.977.946.688.565
8.175.593.633.019.340;19.466.757.656.988.100;5.202.673.360.690.640;0;5.493.988.092.828.330
33.908.867.519.284.200;3.493.692.952.326.640;2.366.624.557.097.340;0;130.155.198.370.903
6.193.008.974.372.980;3.602.807.456.045.030;6.041.530.544.243.450;0;6.624.436.050.797.170
3.135.990.115.730.580;16.868.837.074.938.200;2.112.286.068.472.140;0;12.393.047.719.764.300
47.310.360.864.123.000;11.073.111.889.402.000;430.964.712.097.449;1;13.451.316.821.566.200
3.089.633.800.441.450;23.694.013.143.734.400;2.468.044.481.829.250;0;11.534.682.952.889.600
22.467.646.679.293.400;3.649.453.382.466.760;1.855.021.070.435.240;0;11.731.185.339.320.400
3.394.796.982.990.580;8.426.487.560.226.660;37.835.610.225.999.000;1;10.892.917.769.625.800
2.562.138.007.211.820;2.491.866.334.253.930;31.866.913.259.745.300;0;1.045.472.481.850.790
2.955.275.551.921.700;25.262.408.803.700.800;4.084.202.320.848.730;0;11.259.269.223.577.400
4.736.591.639.494.360;2.932.452.089.661.120;4.512.839.467.652.380;1;14.108.047.173.137.700
2.237.461.870.103.480;5.262.707.405.090.390;20.055.736.398.520.500;1;10.052.304.675.114.500
4.825.357.537.207.610;2.863.299.858.728.350;23.781.154.870.816.000;1;1.628.863.748.002.170
4.574.077.888.802.280;3.636.130.082.662.560;4.425.619.263.316.990;0;1.463.850.363.979.500
1.381.060.106.551.830;7.187.324.354.809.670;3.412.886.559.911.490;1;7.086.045.804.421.970
8.121.258.539.382.440;9.501.732.996.955.100;52.271.153.914.824.000;1;5.252.047.329.401.950
9.535.010.061.984.190;38.855.803.761.665.500;4.865.770.748.382.110;0;6.716.980.287.416.560
5.819.982.154.319.730;7.239.078.108.379.590;5.774.340.506.052.560;0;4.603.421.540.234.650
9.249.933.234.016.770;3.417.540.373.478.310;50.547.162.853.453.500;0;707.732.361.904.864
35.735.304.803.736.000;1.969.111.425.792.130;3.820.676.063.733.690;0;12.033.513.134.737.700
8.203.489.180.710.300;9.889.242.976.127.080;49.629.431.252.538.300;0;54.261.405.968.923.300
19.353.903.363.219.200;34.829.996.050.900.400;3.094.291.519.000.460;1;10.099.453.368.435.500
4.301.938.899.362.540;1.781.221.020.010.660;32.396.734.442.576;1;14.145.753.842.122.400
6.047.237.108.112.160;2.059.269.415.718.760;5.508.230.251.627.720;1;5.468.927.282.934.180
416.510.817.165.021;14.369.334.775.990.600;3.898.171.727.087.430;0;129.540.626.494.442
17.683.464.864.802.900;23.718.034.057.397.000;5.552.387.600.436.250;0;6.594.328.187.158.490
10.317.417.242.974.500;6.540.954.903.400.910;5.665.385.156.240.900;0;4.704.520.112.625.880
3.635.317.244.138.670;15.643.261.466.070.400;5.830.542.987.008.030;1;10.805.413.584.166.900
33.302.428.105.094.700;387.764.928.934.115;61.081.856.084.536.700;1;12.424.643.723.582.100
4.448.624.060.871.730;10.325.337.308.045.100;3.825.630.536.412.490;0;13.045.481.931.864.900
3.807.819.697.117.480;26.269.466.581.651.600;32.986.740.461.093.500;1;13.214.046.750.301.400
41.156.641.867.318.100;13.007.602.568.987.700;4.536.334.108.992.330;0;11.647.682.592.398.400
17.691.555.765.708.700;30.938.925.027.464.000;354.451.039.015.685;1;9.685.837.275.981.790
12.984.779.470.087.500;5.234.946.428.733.990;46.250.485.839.610.900;1;5.754.906.202.678.070
38.777.663.823.838.600;3.879.284.180.314.170;51.162.535.544.259.700;1;14.221.825.179.532.100
4.130.756.326.702.680;1.815.158.165.534.550;5.035.503.586.913.040;0;12.011.283.792.152.700
4.957.273.139.003.020;9.442.018.533.858.550;356.039.856.899.457;1;12.936.214.366.556.600
23.567.795.461.014.100;29.398.698.932.005.000;25.842.429.479.841.300;1;8.969.216.181.355.900
21.740.813.860.675.200;679.031.620.350.163;38.234.878.907.723.700;0;7.460.372.212.607.000
3.993.858.323.338.980;20.790.957.942.240.700;2.470.192.477.184.970;1;1.310.025.913.573.420
20.336.159.311.385.800;13.480.127.057.251.400;59.834.560.653.638.900;0;653.520.067.506.404
4.688.407.965.216.040;3.315.533.463.530.430;342.562.406.546.793;0;15.371.134.904.438.900
4.362.857.383.293.550;17.235.500.946.472.200;25.259.608.119.496.200;0;1.450.589.485.045.410
24.304.731.231.875.800;9.948.570.903.505.190;1.919.604.471.557.020;0;9.853.621.919.809.550
38.789.198.050.617.300;24.685.799.464.161.200;4.835.365.215.546.470;0;12.011.769.265.375.200
38.954.429.333.810.700;28.271.088.675.417.800;4.793.440.892.037.290;1;13.383.804.612.362.200
9.640.574.097.616.960;6.681.676.316.037.990;34.008.395.829.320.700;0;5.532.683.978.230.900
456.148.808.005.805;67.047.686.515.327.000;21.370.458.775.839.500;0;13.243.534.528.865.100
2.773.635.676.015.350;14.668.570.773.417.100;37.252.558.060.075.900;0;8.224.810.681.097.760
4.219.058.597.484.830;2.945.608.060.262.560;326.272.222.679.795;0;1.328.732.812.640.480
19.402.232.046.377.500;26.552.181.104.872.200;4.982.467.006.754.540;1;8.818.425.541.008.280
4.529.854.528.232.900;18.985.235.029.992.500;46.471.624.724.276.400;0;13.333.973.367.611.400
22.514.075.543.037.300;3.376.681.795.876.780;35.135.905.225.284.300;1;10.899.053.449.037.200
5.487.694.316.613.420;3.222.680.611.800.210;28.240.950.049.984.500;0;705.565.238.628.995
4.574.218.893.886.680;23.414.174.575.870.000;6.443.769.040.931.280;1;1.282.681.420.302.890
910.790.045.537.601;3.473.085.122.053.030;393.380.761.962.174;0;7.937.267.474.749.240
19.369.113.691.568.600;8.233.648.401.470.730;5.034.888.908.167.110;0;6.356.504.196.374.540
4.775.278.851.728.620;4.476.784.775.909.110;24.605.989.476.182.900;1;14.566.414.968.642.500
4.777.732.161.219.000;10.789.984.460.679.500;408.227.158.839.917;0;1.287.641.877.562.940
30.804.704.965.547.800;2.283.474.243.572.590;1.929.422.583.386.480;1;10.502.690.022.225.600
3.343.267.454.764.090;2.124.678.112.004.120;4.175.639.054.179.110;0;105.650.652.767.341
2.518.004.848.902.430;37.464.227.691.798.400;6.330.881.813.453.200;1;10.117.005.932.979.300
18.194.484.726.412.900;15.737.416.267.403.800;3.605.771.551.033.260;0;744.956.672.914.417
19.789.904.541.646.200;4.884.396.560.401.070;19.832.812.591.020.800;0;8.614.906.047.832.260
3.526.333.052.346.670;18.087.961.131.337.400;19.454.922.173.209.100;1;13.516.167.942.553.800
388.568.538.246.956;373.550.007.011.162;3.623.537.771.750.280;0;14.209.073.208.120.200
40.621.056.967.663.100;1.264.624.419.907.000;2.552.117.201.377.010;0;12.308.017.414.504.500
40.532.816.425.754.900;20.289.392.347.535.600;1.909.754.852.742.470;0;13.609.442.634.418.800
9.104.274.637.191.060;16.629.143.620.156.800;5.354.203.985.565.830;0;3.886.686.519.057.820
27.248.913.711.616.100;59.337.280.384.835.500;3.955.058.141.744.880;0;9.612.239.366.548.990
7.590.144.200.748.990;3.946.520.491.835.380;31.594.504.282.714.700;0;7.497.125.696.269.210
297.287.997.045.681;3.860.474.785.744.180;6.030.390.960.177.450;1;11.965.793.134.114.700
24.868.872.561.801.900;;23.458.531.129.424.700;1;9.763.132.829.933.650
4.494.668.822.412.340;3.807.247.141.692.950;62.928.184.960.900.000;1;15.303.536.210.992.100
20.791.175.564.843.500;25.564.797.512.620.000;3.275.643.571.673.550;0;9.360.753.831.826.780
10.268.015.739.242.200;34.716.731.780.800.800;5.975.497.259.850.800;1;7.699.354.140.177.200
11.434.625.692.377.600;18.189.594.225.354.300;46.338.315.194.534.600;0;756.600.283.504.656
39.267.978.427.286.200;2.062.384.114.317.000;5.685.524.590.784.990;0;11.351.919.843.051.500
3.281.981.284.923.170;1.955.386.321.027.680;6.424.861.867.089.180;0;9.148.320.569.357.720
955.052.042.552.556;26.674.570.301.844.100;3.155.505.557.748.100;0;6.526.311.913.424.710
8.784.806.275.174.880;5.586.050.190.252.510;6.317.336.781.415.680;1;4.901.532.893.978
365.436.109.156.604;1.198.943.594.907.110;3.630.564.906.041.370;0;964.778.011.367.467
8.274.335.286.388.700;12.317.197.663.647.600;36.119.059.522.635.300;1;6.148.130.367.768.820
41.983.702.668.066.000;2.818.723.050.946.580;3.399.819.389.996.170;0;14.170.465.872.891.800
3.678.090.022.204.230;8.074.138.084.917.930;43.446.157.545.336.500;1;1.142.239.098.235.000
866.069.512.888.549;26.937.297.332.996.600;25.244.817.029.388.800;1;8.337.604.393.039.470
8.817.697.133.833.630;3.879.648.184.429.080;44.024.439.811.826.500;1;8.277.180.911.619.090
493.987.810.325.529;37.560.286.315.767.300;4.346.012.618.327.010;1;14.146.665.094.529.900
21.842.185.809.025.400;2.690.408.472.900.500;5.380.938.519.242.880;1;8.854.136.490.134.640
21.678.896.618.010.000;17.750.008.772.182.800;5.718.154.821.106.650;1;8.058.205.045.594.050
4.157.598.052.658.760;3.472.569.017.510.020;3.870.074.346.468.390;0;13.771.884.423.455.900
4.762.618.598.227.360;7.085.991.577.895.430;3.220.966.271.952.020;1;14.396.729.292.641.600
4.937.004.787.202.910;2.770.503.808.904.650;3.018.874.017.390.340;0;16.031.174.907.031.900
38.902.018.336.652.300;3.352.461.158.592.440;2.714.732.032.512.890;1;14.830.619.237.607.200
21.931.681.348.891.200;3.778.456.877.896.090;2.070.943.636.335.410;0;11.965.376.787.372.300
8.757.532.251.440.090;27.329.921.131.585.800;3.409.505.500.523.150;1;714.412.695.686.512
39.971.611.216.734.600;19.886.990.560.337.000;30.701.641.530.146.800;1;1.438.381.146.744.210
30.128.191.238.111.200;24.713.889.608.048.500;6.342.161.713.572.110;0;10.593.287.870.336.200
24.089.990.416.113.900;34.756.199.379.148.700;4.421.231.483.375.200;1;11.255.689.290.489.900
4.578.594.732.926.310;22.824.389.865.553.100;3.432.202.083.443.380;1;15.657.939.067.760.700
1.000.388.670.377.680;12.154.823.878.734.700;4.528.197.724.670.370;1;45.056.054.656.111.600
27.168.129.693.088.600;3.723.794.782.027.910;2.454.224.496.324.760;0;11.923.325.447.946.300
5.510.914.014.533.850;27.581.070.041.262.400;3.887.005.621.250.350;1;6.497.513.865.241.610
26.089.728.889.735.600;2.706.053.543.108.980;4.743.301.310.679;0;10.371.877.618.973.400
7.533.647.405.682.680;8.627.006.095.908.680;40.978.198.094.245.200;1;51.229.096.942.958.900
10.346.806.232.063.200;26.355.418.809.306.200;3.688.360.363.075.320;1;8.212.362.144.288.230
1.028.868.110.496.970;1.575.457.622.616.630;6.471.087.427.828.580;0;5.767.826.677.171.310
3.421.446.359.522.280;26.049.319.081.659.600;5.937.479.382.099.950;1;11.805.700.004.569.300
3.857.201.956.694.400;4.263.721.212.319.620;47.300.080.033.493.600;1;11.332.373.120.530.400
31.251.594.429.372.100;26.313.812.184.121.400;44.760.735.975.567.200;0;10.623.450.391.375.400
4.829.776.468.135.430;3.997.654.903.082.660;4.717.104.255.175.540;1;15.575.699.248.086.500
21.869.176.078.566.600;19.284.815.544.222.400;27.461.669.067.654.300;0;877.983.973.933.273
17.857.043.882.683.700;3.908.696.736.885.260;3.657.147.393.342.290;0;1.025.946.697.132.640
4.408.696.076.852.570;16.276.318.428.914.800;1.985.459.804.587.220;0;14.107.257.966.035.900
15.061.812.733.375.300;3.483.013.801.349.030;4.035.066.376.188.080;1;9.072.285.626.777.310
4.834.501.427.482.750;3.129.541.936.233.090;43.522.155.446.010.100;0;13.983.624.695.095.700
5.546.951.361.041.730;2.268.065.043.946.670;28.704.237.596.850.800;0;5.953.204.218.180.920
4.864.454.720.184.370;2.953.796.837.005.300;63.309.355.816.779.100;1;153.821.886.627.039
6.942.196.037.775.920;3.514.062.245.205.390;6.074.436.671.405.030;0;55.222.428.825.157.400
451.014.401.164.132;16.165.612.866.041.300;5.194.073.206.642.750;1;13.311.240.359.855.100
28.746.549.908.883.400;13.081.326.462.529.500;4.306.917.155.197.200;1;1.064.607.950.777.800
4.968.341.582.536.850;2.670.373.542.254.330;58.888.550.503.441.100;1;14.001.093.139.703.900
8.320.845.413.092.940;3.231.383.767.765.030;24.140.660.159.702.700;1;8.634.598.326.236.020
29.923.442.798.059.400;3.049.140.539.106.460;55.153.960.330.919.500;0;11.135.260.743.106.400
4.861.861.410.285.940;3.191.254.595.434.530;2.386.657.825.644.180;0;16.089.647.245.051.000
28.539.402.987.656.600;1.742.333.259.251.730;5.532.790.113.982.200;0;10.769.553.675.775.000
33.322.938.716.086.800;3.271.336.864.700.080;30.961.075.707.813.700;0;11.899.303.820.147.600
3.630.869.100.430.770;4.808.362.214.824.330;5.922.325.730.785.480;0;10.214.608.577.596.600
254.543.479.145.498;21.779.563.918.433.900;62.369.978.409.793.600;1;9.128.334.907.196.760
33.240.113.603.782.800;;24.993.410.562.040.400;0;10.802.739.983.666.800
3.129.414.403.653.950;12.983.433.196.010.800;3.974.575.343.807.340;0;10.530.869.366.934.700
455.521.104.720.945;14.658.461.394.855.900;641.064.067.736.462;0;11.711.200.568.770.000
7.045.087.115.365.600;15.846.907.664.370.200;40.720.149.490.737.800;1;6.255.260.757.915.510
17.643.343.531.650.300;2.781.868.826.759.440;58.586.733.558.183.600;1;7.395.876.364.129.300
4.776.851.678.344.510;15.542.324.050.813.800;4.567.038.154.017.200;0;13.815.193.954.031.200
4.506.187.027.509.120;17.947.744.904.901.200;3.564.050.567.222.120;1;1.431.524.759.679.450
25.504.553.875.357.000;95.017.652.349.731;31.431.827.109.715.800;0;9.608.790.722.705.020
32.905.966.901.069.100;14.930.071.665.173.600;275.514.852.810.461;0;1.192.708.401.191.890
17.482.153.234.150.900;9.090.785.090.526.050;5.380.451.499.475.170;1;7.217.277.624.439.540
13.465.452.187.569.200;29.278.369.507.377.400;3.616.740.382.068.230;1;6.692.991.912.437.890
25.866.428.222.299.100;24.137.943.735.255.100;420.299.467.234.353;0;9.562.289.638.777.830
20.900.850.261.172.300;2.672.851.194.220.060;4.113.929.756.005.550;0;8.905.375.747.783.220
3.126.452.503.328.920;2.477.961.384.038.450;45.132.114.373.957.100;1;12.072.035.705.279.400
8.498.058.663.424.310;18.539.761.752.022.800;58.682.125.844.353.900;0;59.668.540.834.819.800
4.884.776.634.497.740;15.191.431.207.169.100;6.409.474.914.842.110;1;13.161.075.089.991.900
4.937.948.350.158.210;3.453.334.598.287.300;371.564.578.029.694;0;15.803.742.862.424.400
36.417.277.130.888.500;20.763.271.405.448.700;5.689.338.933.899.620;1;11.147.540.484.166.900
2.912.433.648.548.540;1.916.727.510.518.920;5.393.280.634.877.170;0;1.024.798.741.070.730
18.928.742.732.884.700;10.256.826.322.574.200;4.495.586.071.841.190;0;6.952.718.533.082.830
4.162.077.588.681.260;13.649.913.105.046.200;6.293.421.574.976.080;1;12.740.046.156.510.000
35.812.902.764.924.500;15.207.824.751.434.200;27.422.302.229.834.900;0;1.156.892.988.301.800
12.317.762.270.520.100;1.595.291.123.587.600;23.135.417.884.552.200;0;7.394.010.509.237.380
4.599.172.330.222.290;23.206.894.769.093.200;5.813.621.244.690.480;1;1.376.380.858.088.950
420.141.759.315.426;2.134.410.186.907.510;3.864.004.138.178.610;0;1.350.160.603.560.810
4.774.099.609.813.650;24.316.203.711.737.700;57.807.536.147.731.800;0;1.349.528.489.040.590
37.657.377.877.476.100;3.059.533.046.168.510;59.975.239.644.184.500;0;11.543.859.484.993.900
32.603.683.817.110.500;3.251.942.954.864.370;20.935.506.900.096.300;1;14.016.219.546.770.500
2.382.093.663.307.780;28.724.923.049.059.700;5.952.284.386.034.480;1;9.946.606.658.795.890
469.727.817.509.306;3.822.094.783.819.730;3.907.099.560.236.280;1;15.540.545.346.841.900
4.397.287.502.751.830;;4.199.032.698.319.890;0;12.431.124.321.460.800
7.034.840.154.778.520;7.831.119.427.341.840;4.744.984.802.138.080;0;5.246.064.538.672.300
618.651.385.237.634;;61.539.982.516.314.000;0;32.516.530.932.135.100
2.194.085.150.951.220;2.589.898.856.618.410;1.889.845.643.819.890;0;10.554.965.496.475.200
4.147.489.988.518.240;3.592.122.195.799.940;40.411.643.010.937.400;1;1.492.512.446.868.750
494.274.258.191.725;9.739.291.863.051.970;5.032.293.599.423.630;0;12.717.630.178.038.700
11.768.760.099.658.700;37.081.381.791.852.200;5.196.722.701.181.670;0;773.691.695.227.114
3.173.588.219.084.600;2.410.695.611.582.430;50.549.024.282.244.000;0;7.936.389.100.679.010
2.214.008.854.839.590;3.737.744.107.222.050;24.318.451.082.181.700;1;1.214.051.826.409.920
4.864.614.790.165.710;14.064.907.489.585.300;3.207.159.265.346.900;0;13.470.095.935.603.800
4.289.535.154.110.680;4.056.833.137.968.660;3.485.962.969.459.960;0;1.291.234.538.874.330
4.272.479.171.200.120;19.434.870.367.453.000;5.580.854.876.093.670;0;12.144.260.486.766.400
26.091.192.190.773.600;10.271.062.708.820.300;3.110.171.400.348.390;0;9.379.004.263.720.570
2.366.687.760.519.490;11.394.916.078.476.900;2.790.313.330.175.850;0;893.594.518.918.696
1.730.331.823.688.170;12.291.598.597.051.400;6.300.005.689.479.050;1;6.649.969.253.439.900
753.689.734.929.172;32.121.035.913.306.500;18.416.574.400.333.000;0;8.865.499.295.480.230
439.125.069.314.774;21.566.451.067.010.100;6.489.758.021.705.290;0;11.019.034.132.536.100
4.158.054.541.085.340;12.452.307.966.240.100;4.981.060.104.629.750;0;12.460.246.360.199.100
4.998.729.529.787.580;24.413.351.332.436.700;569.380.570.741.085;0;14.272.636.053.015.500
4.984.865.766.832.570;28.646.026.968.927.700;3.184.711.162.827.100;0;15.065.547.285.837.200
29.994.426.752.118.200;1.090.496.002.934.130;18.672.818.050.351.800;0;10.399.985.053.728.700
39.604.433.683.122.900;1.654.196.406.101.400;5.267.986.737.239.190;0;12.448.447.006.490.200
4.751.445.784.470.920;4.875.443.733.477.900;57.204.796.059.031.700;0;1.155.993.382.469.710
4.323.413.258.048.350;7.245.973.981.387.210;528.023.782.018.154;0;11.009.710.269.218.900
16.130.664.578.443.800;2.724.471.415.859.930;24.713.963.503.139.400;0;9.738.669.144.402.110
2.527.448.608.895.420;7.257.533.907.825.070;53.411.112.346.077.500;1;8.634.220.751.255.920
10.812.173.681.817.200;21.006.535.346.682.400;54.139.370.759.059.100;1;6.167.026.237.876.890
4.793.229.622.664.250;2.836.185.046.889.730;4.895.140.423.649.250;1;15.016.149.558.717.900
322.778.585.502.896;42.750.769.237.897.500;5.400.744.884.139.250;1;9.084.329.080.071.330
15.288.926.247.655.800;22.692.488.785.156.100;5.775.830.766.485.340;0;7.535.679.668.312.280
3.522.653.079.826.350;1.026.251.134.805.450;4.683.939.336.916.050;1;11.555.022.881.475.600
3.281.577.082.060.530;38.517.075.009.503.100;22.164.421.556.574.900;1;14.302.302.186.463.500
2.111.732.231.147.780;19.341.825.868.796.900;4.091.850.705.435.890;0;8.905.715.709.704.880
10.110.091.648.983.300;3.223.970.199.100.630;21.649.518.729.565.400;1;9.899.312.615.032.580
3.522.079.380.167.590;2.200.906.168.625.040;3.715.452.245.852.420;1;12.447.000.736.003.100
28.413.846.540.670.600;17.365.013.141.927.600;371.340.049.889.045;0;8.374.052.101.113.930
3.975.432.762.810.370;25.326.055.023.760.800;21.102.462.674.591.300;0;1.414.656.375.020.820
284.073.575.500.397;3.805.613.368.826.620;3.439.456.509.656.550;0;13.049.257.475.009.500
4.334.816.751.433.430;2.406.447.280.585.320;23.216.910.643.191.700;1;14.426.566.048.582.600
2.983.580.774.485.180;32.767.554.377.071.600;5.598.705.487.043.340;1;11.108.481.772.267.400
3.024.220.871.909.230;3.536.825.853.393.630;6.254.133.722.033.010;0;10.959.058.584.567.600
4.444.941.211.962.550;9.123.190.877.957.290;21.398.874.337.123.100;0;13.522.841.552.802.600
23.156.728.979.557.800;8.481.793.596.329.060;62.890.414.742.709.900;1;7.174.216.756.293.740
11.030.685.280.278.800;2.443.923.955.403.960;42.561.100.168.827.000;0;7.594.150.140.052.820
6.295.220.434.100.250;16.441.138.792.268.100;3.207.958.686.383.200;1;7.630.376.208.018.530
38.981.176.505.312.800;3.359.445.211.466.880;21.612.517.537.979.600;0;14.501.231.322.849.000
3.291.392.981.090.590;36.000.924.935.920.400;41.529.340.599.309.600;0;11.934.358.782.221.300
3.668.358.956.446.500;14.136.855.172.108.700;5.534.223.059.106.510;1;10.426.074.534.581.700
14.583.387.267.900.900;9.474.822.358.979.280;51.233.064.431.534.800;0;62.419.980.113.323.800
1.113.671.640.140.460;31.221.020.609.754.400;20.360.622.538.806.700;0;9.258.932.473.779.070
5.654.509.955.054.680;10.992.241.421.925.400;21.426.386.262.291.400;0;6.176.545.864.898.090
20.776.440.146.296.800;3.290.457.274.054.710;36.935.044.283.733.900;1;1.043.969.971.385.700
31.546.295.908.458.400;1.694.953.014.595.050;31.878.653.220.253.300;0;10.776.653.106.460.400
22.650.982.029.487.900;26.701.995.971.658.800;2.892.206.318.363.420;0;967.417.110.808.954
24.686.371.491.067.800;3.821.412.553.386.720;3.120.721.144.870.950;0;9.100.002.393.211.460
4.568.714.125.221.860;2.495.437.298.706.290;5.576.368.893.495.350;0;13.802.479.453.353.800
20.671.496.016.048.500;18.070.707.149.489.100;61.673.718.520.697.100;0;6.723.404.955.788.610
28.129.527.012.191.400;23.464.338.527.018.900;3.703.982.664.279.560;0;11.445.980.641.550.300
40.264.385.573.351.400;6.720.568.309.794.530;6.058.721.710.022.730;1;11.348.197.334.889.400
22.844.425.204.457.100;29.474.949.797.767.200;3.311.029.795.865.040;1;11.471.163.449.353.100
3.299.390.151.025.430;3.451.188.310.172.910;40.392.538.358.158.200;0;11.669.040.158.038.700
4.380.636.689.360.350;8.669.592.003.631.020;2.862.336.289.735.190;1;1.284.076.051.643.580
4.772.842.806.459.380;3.828.582.220.806.460;48.102.373.982.264.600;1;12.872.368.836.586.400
11.618.306.641.806.700;;6.401.211.241.321.600;0;4.450.091.396.496.410
4.669.644.313.226.720;25.678.860.017.730.600;4.636.417.551.403.870;1;15.473.569.063.633.400
2.714.523.318.857.920;2.428.376.144.355.120;34.817.261.953.336.700;1;11.483.923.912.440.600
16.620.997.473.453.100;218.678.965.085.628;4.844.741.996.155.480;1;8.029.919.578.891.890
2.566.110.903.072.170;9.277.883.844.639.010;23.777.271.887.873.200;1;9.672.404.315.488.860
4.910.146.588.784.640;15.636.239.836.220.500;5.976.697.677.247.370;1;14.197.843.812.202.800
27.167.814.229.679.100;23.779.053.407.446.900;4.164.494.568.665.230;1;1.027.128.712.132.360
1.979.382.246.293.780;19.870.674.354.366.700;3.911.943.787.586.310;1;9.906.680.824.529.910
3.350.303.844.425.260;3.951.142.080.859.540;45.535.645.057.315.400;1;12.942.546.775.869.100
1.580.655.284.501.860;5.457.590.102.269.320;4.736.484.155.110.190;0;7.024.966.735.939.110
8.413.849.764.889.870;2.780.578.216.190.370;21.373.462.892.646.100;0;8.178.025.026.327.600
10.799.587.485.979.200;16.172.750.724.171.600;50.083.009.397.499.900;1;6.381.089.340.533.350
1.076.206.275.309.970;1.712.798.459.702.450;29.370.788.974.829.800;1;7.294.413.683.727.360
11.835.621.208.053.200;2.870.391.062.632.700;5.155.577.372.780.970;0;6.915.194.466.653.280
11.247.222.769.223.400;27.697.446.052.974.700;5.665.913.533.605.720;1;7.346.441.817.467.430
3.383.936.351.614.460;3.965.023.974.808.750;55.786.049.854.968.400;1;12.689.167.638.436.300
13.184.603.797.961.500;5.135.771.578.165.000;4.396.754.546.817.070;0;55.524.995.084.026.100
20.555.027.749.573.800;41.643.859.753.666.500;424.479.849.386.053;0;723.894.147.585.502
4.535.547.844.577.050;28.973.552.685.149.600;2.471.517.018.295.230;0;15.192.509.909.678.000
26.328.273.811.829.200;23.135.476.680.256.300;5.444.126.906.894.730;1;8.830.062.396.131.580
35.040.098.233.446.200;10.966.426.662.392.200;30.756.240.880.995.500;1;12.076.605.793.025.100
12.754.394.204.073.300;3.176.774.759.559.460;4.134.468.487.244.340;0;52.479.259.655.988.400
13.653.005.846.390.100;34.263.299.838.572.200;31.360.882.367.593.200;0;5.859.997.248.004.070
6.839.087.731.991.540;3.576.763.498.656.470;2.428.993.306.098.550;1;7.671.059.518.718.850
12.602.077.838.247.400;7.674.692.988.749.710;4.758.921.175.391.160;0;48.579.841.701.199.300
1.753.656.525.643.810;1.293.486.248.462.080;2.055.360.563.667.640;1;8.336.698.016.667.320
12.965.471.792.453.600;906.625.608.907.952;531.863.260.039.314;1;58.045.680.666.052.600
8.991.614.019.067.500;14.199.852.233.277.400;3.292.657.937.727.240;0;726.461.158.237.536
10.428.614.199.527.000;27.769.537.098.437.300;1.800.633.057.121.080;0;6.144.622.770.184.760
2.573.504.456.147.260;20.762.391.636.330.800;42.023.069.544.149.800;1;10.295.721.819.127.500
14.285.017.328.260.600;2.704.502.543.688.590;20.202.039.700.797.300;0;7.263.502.377.360.510
21.392.143.747.163.300;32.014.260.312.894.400;30.979.969.217.582.200;0;10.356.103.706.693.000
2.765.377.718.846.850;9.348.483.276.417.320;5.122.789.491.041.860;0;8.678.517.623.923.160
3.606.776.728.832.140;21.600.476.584.180.400;20.946.412.216.227.600;0;12.296.624.091.787.700
6.769.046.292.849.450;3.520.316.350.245.830;5.744.890.914.073.210;1;7.523.080.655.869.550
40.973.467.950.906.900;26.035.094.761.887.700;18.179.536.364.953.400;1;15.772.122.674.703.600
3.325.551.752.709.080;21.318.311.462.053.400;29.600.721.852.489.400;1;1.153.520.298.269.660
8.679.156.437.699.230;12.973.350.124.615.000;5.282.249.063.914.730;1;5.120.560.470.108.490
4.431.103.808.480.490;13.320.076.522.327.900;32.864.697.037.277.400;0;13.144.673.715.694.800
464.392.580.239.316;26.779.478.207.927.600;22.788.942.239.102.600;0;14.808.493.852.010.200
7.748.508.193.468.860;397.655.744.488.467;34.930.994.183.620.100;1;8.737.380.662.148.430
17.459.494.166.624.100;26.473.567.593.975.100;307.084.844.600.727;1;9.210.223.916.635.900
4.127.905.759.068.770;22.311.336.694.800.900;5.760.745.940.154.600;0;1.324.287.351.754.760
38.671.686.067.264.600;29.226.020.409.569.800;3.272.735.212.650.170;1;14.531.325.537.065.200
1.330.344.587.103.690;18.608.224.491.348.700;5.507.982.617.347.230;1;7.001.642.840.157.780
14.420.719.550.151.900;24.056.937.040.314.000;59.917.990.806.104.500;0;5.594.192.997.707.540
2.167.124.462.561.210;22.491.872.635.116.300;38.389.418.720.096.800;1;1.026.707.801.210.550
2.680.353.433.359.590;38.305.011.380.215.200;6.076.732.776.115.640;0;10.104.767.645.049.400
32.821.464.718.863.300;7.012.117.694.306.380;3.573.394.853.627.000;0;993.045.631.023.269
2.160.111.378.063.970;2.760.019.563.282.660;63.311.685.575.035.000;1;8.901.725.659.487.150
25.814.062.225.991.600;8.037.347.546.362.250;2.219.660.765.270.190;0;10.126.787.928.521.100
38.636.192.216.019.000;2.143.310.737.892.320;5.028.990.552.565.240;1;12.496.921.956.561.700
6.650.744.130.076.900;3.867.057.985.868.780;4.120.925.990.147.560;0;3.790.552.228.715.600
16.359.662.495.480.900;18.014.837.450.327.400;3.621.949.385.641.540;1;8.000.732.580.326.180
3.710.073.136.480.480;30.246.533.155.809.800;4.773.745.830.118.420;1;12.916.009.578.569.300
4.528.430.769.592.390;13.902.860.969.559.200;5.108.128.330.681.350;1;13.077.193.449.245.900
28.025.484.895.204.900;2.659.646.897.948.870;18.205.073.673.564.500;0;1.280.883.190.211.670
28.945.106.836.939.200;31.817.998.431.589.100;2.584.679.517.111.830;0;11.349.127.512.159.500
9.822.740.510.289.920;37.087.112.779.178.100;5.151.316.437.981.290;1;8.108.653.526.319.520
2.513.355.650.705.540;9.385.683.274.218.140;4.932.011.443.817.570;0;9.056.116.795.603.900
2.896.777.699.047.600;15.972.636.632.372.300;6.340.423.274.104.780;1;10.536.879.564.344.000
15.911.172.663.562.800;6.096.640.533.216.690;537.687.761.417.868;1;62.793.282.566.885.800
17.115.945.392.722.100;39.699.340.086.335.000;62.686.317.263.372.800;0;8.710.535.148.642.680
2.197.778.733.970.800;3.708.003.871.697.180;5.101.940.357.213.590;1;10.595.870.565.291.800
5.903.203.899.997.680;21.598.285.211.222.300;3.200.845.380.605.380;0;6.405.821.772.371.280
19.493.562.451.243.000;3.368.133.177.505.680;22.952.151.345.790.200;1;10.896.188.864.343.900
14.515.160.314.844.500;20.838.319.090.881.600;54.745.721.577.211.900;0;705.079.920.612.886
1.973.738.084.800.610;2.494.342.752.011.030;4.827.501.340.936.800;1;776.307.665.813.182
10.389.295.931.866.300;35.649.772.846.406.600;2.026.474.258.248.490;1;7.190.854.985.051.580
45.073.727.633.295.200;30.210.816.819.872.300;3.492.237.189.734.590;0;14.748.581.229.212.500
31.711.660.409.932.100;5.108.539.345.409.390;6.296.959.132.776.140;1;8.991.298.214.841.980
35.559.604.361.502.000;3.304.270.521.010.110;4.151.885.384.837.940;1;14.202.825.694.549.300
40.512.705.737.330.200;31.281.123.506.815.400;3.833.826.939.292.610;0;133.506.505.489.697
27.429.898.951.807.500;2.834.978.790.971.900;3.951.188.144.248.680;1;11.076.830.756.482.100
8.911.412.963.934.060;14.464.152.209.904.800;27.817.488.028.242.600;0;6.502.898.060.156.280
2.916.979.438.183.460;12.125.134.237.813.100;3.532.923.703.064.530;1;10.121.477.111.434.700
3.140.785.031.093.950;10.524.502.796.433.700;353.812.230.313.973;0;10.079.411.492.864.400
3.854.477.633.829.480;14.405.456.298.860.700;20.460.685.948.811.200;1;13.264.844.762.411.800
24.424.679.580.335.500;35.057.098.705.535.400;5.407.567.854.034.210;1;8.381.976.019.759.060
1.074.111.362.580.030;3.747.831.292.124.250;37.575.708.299.482.300;1;8.871.603.597.562.010
17.769.915.760.942.600;2.215.208.962.849.500;5.664.245.468.037.180;0;68.477.149.148.734
21.338.703.337.938.500;12.220.972.426.320.900;57.966.356.052.635.000;0;7.081.016.377.498.040
34.066.275.859.922.000;15.879.260.682.971.300;27.963.720.570.836.900;0;11.381.732.781.474.100
30.685.023.710.101.000;17.888.101.620.193.400;4.889.561.366.199.600;0;10.084.661.665.924.300
2.102.435.266.540.300;24.023.773.334.424.600;4.019.724.479.566.010;1;9.829.831.989.366.500
4.939.318.619.568.400;2.062.717.710.785.990;593.673.666.823.098;1;14.269.545.951.594.100
3.225.986.687.105.990;36.775.678.928.576.600;28.139.811.921.293.300;0;12.099.031.215.409.200
15.675.205.628.119.700;1.987.853.931.623.320;4.985.722.041.457.200;0;776.443.374.397.443
9.580.211.267.918.160;396.863.205.929.325;4.656.434.974.587.790;0;7.889.014.836.722.640
11.878.661.263.294.900;3.405.699.830.980.380;3.187.916.944.587.610;1;9.698.599.668.946.440
16.068.097.777.302.800;8.340.420.574.293.430;24.420.242.471.605.100;0;7.881.940.241.469.120
12.230.661.796.680.000;3.722.380.858.575.660;48.627.068.742.432;0;8.543.345.087.942.810
1.339.551.608.230.870;4.654.655.915.419.040;5.271.408.053.221.950;1;61.490.443.188.093.600
1.782.928.259.122.310;32.697.988.339.647.600;3.283.448.515.687.740;1;10.713.084.205.673.900
12.801.811.788.263.900;15.224.931.739.063.200;48.307.132.389.048.700;0;6.624.125.595.334.300
4.535.444.410.818.910;3.511.897.281.780.270;36.571.152.657.740.600;1;15.502.891.390.953.500
86.105.185.547.739;3.472.226.760.429.800;51.520.723.514.283.000;0;8.060.066.303.807.910
2.860.301.253.066.140;3.223.701.600.470.480;27.363.117.920.020.400;1;128.759.264.516.476
2.346.785.721.453.470;31.601.217.452.282.400;59.840.105.123.900.100;0;9.516.535.793.396.740
4.920.703.776.088.720;12.187.165.563.921.600;31.508.251.033.882.200;0;1.360.281.603.732.790
10.041.750.597.562.300;3.236.771.322.050.080;3.528.594.142.453.910;0;48.588.409.453.177.500
22.903.501.957.058.300;16.119.207.150.606.400;2.073.032.174.777.640;0;9.980.078.617.142.290
486.261.694.973.916;6.940.980.599.460.340;2.324.107.397.909.990;1;14.691.219.247.364.200
4.394.782.066.522.910;2.779.804.355.609.840;4.224.550.942.747.940;1;14.094.070.863.655.500
417.682.431.927.176;13.843.989.061.511.400;3.057.685.580.621.460;1;13.502.816.322.959.700
16.605.627.217.022.200;3.902.440.803.439.650;5.726.757.060.988.310;1;9.874.013.019.683.820
12.689.941.432.552.900;2.563.888.309.381.320;1.869.058.926.678.280;0;9.002.270.707.951.660
35.088.944.896.599.300;32.899.222.545.374.400;35.817.420.287.581;0;12.288.351.513.694.400
4.682.191.951.074.130;5.300.986.909.673.930;33.855.240.698.147.300;1;1.353.994.640.644.330
3.005.433.018.562.680;344.805.792.909.049;1.890.839.865.312.720;1;12.921.409.207.315.100
30.722.571.026.145.400;36.910.287.620.535.700;2.384.531.475.302.390;1;13.211.221.519.016.400
17.599.059.214.712.700;19.482.476.752.757.400;3.744.120.572.117.580;1;8.499.541.864.289.530
3.962.718.199.363.710;24.250.117.510.039.000;4.116.463.546.902.990;1;1.306.839.123.477.700
1.341.696.868.508.850;3.059.239.203.611.980;3.700.161.812.097.880;0;7.653.136.507.871.650
19.565.565.638.190.900;6.993.545.090.416.500;4.295.407.088.536.840;0;7.261.065.849.843.990
24.144.639.737.738.700;20.102.643.058.537.600;4.597.118.872.056.700;0;885.827.613.777.876
27.842.467.040.800.400;15.946.521.110.892.500;18.466.419.593.008.200;1;9.956.169.772.379.940
1.590.843.795.867.860;58.549.596.864.899.600;3.981.247.249.431.460;1;8.185.946.754.190.010
1.016.765.711.326.410;14.701.376.891.661.200;6.328.446.432.171.660;1;60.898.031.850.082.300
32.477.901.909.873.400;27.268.923.754.197.400;4.239.451.716.608.870;1;9.905.855.551.241.330
1.798.837.489.581.150;10.324.762.779.794.700;498.444.865.705.708;0;61.974.582.777.424.100
31.155.719.964.017.500;540.665.156.619.291;3.265.760.132.209.350;0;9.444.968.878.335.480
11.946.322.187.339.100;3.852.460.446.356.690;5.437.759.477.317.980;1;9.100.214.494.799.610
26.651.304.583.466.700;2.198.118.143.580.060;5.432.730.964.817.740;0;10.321.034.296.535.000
28.966.524.464.821.300;386.328.864.461.288;4.250.091.423.974.450;0;11.837.236.960.790.600
7.332.059.157.009.210;1.729.991.513.320.520;6.387.264.969.412.300;1;5.668.537.879.444.780
20.147.192.518.726.400;12.472.645.323.410.300;2.390.086.009.384.470;1;9.419.850.514.392.840
11.048.660.462.253.800;20.245.674.513.609.700;18.796.540.249.810.300;1;7.721.196.321.611.060
7.851.873.671.274.540;17.580.467.545.316.400;5.419.743.595.258.350;1;55.610.286.557.692.100
4.954.821.045.754.750;42.265.873.704.697.500;5.593.631.025.614.940;1;13.016.917.551.725.500
19.505.923.023.862.500;25.633.052.587.608.200;23.649.739.768.667.000;1;1.004.206.796.397.600
4.144.435.006.345.850;8.641.527.300.383.980;30.482.393.149.054.400;0;12.346.745.900.552.100
16.458.829.464.369.300;2.478.351.819.591.310;1.882.496.107.823.150;0;9.287.499.515.880.790
3.566.762.250.007.680;26.008.043.695.926.100;31.785.504.706.686.500;1;13.084.453.511.422.300
39.210.253.695.035.800;6.080.994.125.145.920;5.433.766.807.417.750;0;10.637.776.110.558.700
3.180.374.332.735.290;24.539.850.844.267.200;42.344.144.802.491.200;1;9.409.557.698.901.870
2.622.092.848.475.710;31.230.463.442.737.500;3.436.049.287.890.950;1;11.166.090.053.860.900
23.532.841.136.627.000;18.392.016.950.772.800;3.547.174.686.059.750;1;926.205.010.750.738
2.069.907.199.443.470;23.265.518.202.190.300;18.063.620.408.627.000;1;941.166.529.891.623
4.682.881.149.115.210;39.794.652.686.790.600;32.090.624.795.566.000;0;1.489.197.980.247.520
4.237.787.335.044.780;23.112.224.398.546.600;4.838.356.085.698.270;1;1.231.808.959.408.720
4.842.621.097.999.300;27.801.409.154.342.100;6.378.713.885.936.870;0;14.413.172.684.008.900
10.593.375.056.849.500;3.934.715.701.053.650;5.781.185.886.824.320;1;7.724.764.335.309.350
3.788.903.638.416.390;9.567.204.168.637.020;1.910.896.333.833.980;1;1.158.616.689.949.310
472.253.205.569.467;5.689.974.747.487.840;6.023.234.841.971.740;1;1.220.798.938.921.880
13.155.487.977.454.700;4.855.397.576.897.150;5.481.032.542.503.540;0;5.246.921.049.746.530
7.992.332.031.504.980;12.131.005.902.703.800;54.677.677.807.836.000;1;4.829.763.878.161.040
3.835.042.921.805.260;4.041.832.440.425.860;3.952.580.067.316.780;1;11.259.533.208.282.000
30.851.290.093.096.000;27.686.453.667.765.200;36.706.248.768.861.600;1;12.814.959.473.029.000
4.288.229.495.412.220;24.916.719.252.025.000;32.237.039.255.160.000;0;12.496.404.363.233.500
11.289.756.948.183.000;2.037.688.512.599.150;2.108.765.837.085.510;0;7.371.437.223.984.120
40.787.029.033.695.000;3.986.787.415.411.900;28.727.062.084.203.800;0;14.111.683.050.060.600
14.073.229.402.148.500;32.558.810.780.240.700;29.590.370.843.967.100;1;927.632.354.184.572
12.364.517.428.956.700;24.608.777.529.240.400;4.075.162.227.637.940;0;7.297.296.184.636.380
12.391.960.906.894.600;12.250.144.831.464.400;5.312.988.711.004.460;1;6.550.009.006.075.520
4.165.586.241.041.210;2.495.583.345.166.550;4.026.906.193.470.340;0;1.304.652.770.519.660
34.933.874.931.329.000;21.081.658.556.466.000;2.071.868.912.401.650;0;1.289.312.300.226.310
2.853.794.411.461.030;17.043.335.355.614.800;6.301.612.064.644.550;1;10.387.826.639.079.000
2.114.737.178.555.760;5.228.415.069.607.970;6.230.804.299.742.320;0;6.940.095.924.031.120
4.447.402.433.658.980;3.546.416.860.961.860;549.039.085.279.752;1;14.462.698.676.023.300
2.266.002.983.401.850;179.913.859.528.529;6.459.241.137.351.830;1;8.150.121.038.829.380
4.174.697.477.622.090;7.784.900.472.830.600;4.359.066.964.161.230;0;11.614.316.943.900.000
2.476.107.088.565.980;14.710.374.035.091.500;63.250.112.461.900.600;1;905.685.893.307.033
2.196.249.932.412.080;16.565.190.101.157.000;21.553.436.908.987.200;1;982.638.650.449.172
2.582.059.035.513.220;3.310.151.582.267.490;35.186.995.168.284.400;0;11.075.500.932.926.200
18.562.004.337.386.300;29.344.575.222.456.000;28.592.919.596.317.900;0;965.591.985.639.841
386.424.221.079.313;3.077.219.574.565.350;2.720.415.495.431.060;1;14.079.160.237.117.200
2.762.241.755.416.150;;24.617.738.597.955.700;0;8.642.663.853.164.140
1.544.957.128.160.670;1.664.615.992.719.040;4.725.344.115.360.180;1;7.720.422.244.625.330
4.548.085.579.735.550;19.253.766.065.412.900;5.472.212.722.012.330;1;13.369.864.097.770.200
22.275.104.961.794.500;;4.518.002.477.275.690;0;7.507.555.274.273.120
29.459.878.750.129.400;10.392.528.349.801.300;24.907.247.350.645.800;0;10.211.215.497.258.100
4.579.124.499.340.460;304.115.929.248.854;56.122.817.186.873.100;0;14.395.446.222.734.600
33.090.709.816.129.600;5.484.388.229.159.960;4.788.987.123.669.520;0;9.224.012.569.118.040
10.260.411.831.876.300;21.412.405.258.103.600;3.624.378.818.796.870;1;8.308.905.519.634.070
4.729.244.556.260.630;86.080.748.806.895;4.968.412.389.019.490;1;12.289.110.653.552.500
33.246.862.388.213.800;;30.215.534.024.413.100;0;1.039.476.728.756.100
20.070.752.659.568.800;964.805.830.398.166;342.240.337.992.279;0;8.312.508.847.534.220
11.267.243.269.852.400;3.903.495.019.640.210;6.112.183.462.720.350;1;7.422.374.404.352.030
4.073.113.351.716.330;3.206.148.447.531.950;3.165.371.176.655.670;1;14.840.656.842.060.900
32.903.274.016.783.100;38.383.065.772.841.300;4.008.944.860.342.300;1;13.786.586.969.892.800
2.900.574.913.893.440;195.141.617.570.545;59.836.633.457.612.600;1;8.762.041.675.793.580
4.522.516.623.729.300;438.944.794.710.014;5.126.290.346.257.370;0;12.084.416.313.843.300
40.486.874.505.103.800;2.191.837.955.894.770;2.092.355.162.974.100;1;13.058.032.274.084.500
11.825.369.587.973.800;18.175.093.382.398.400;24.923.243.081.111.600;1;7.590.086.832.369.450
19.027.493.050.799.600;3.377.428.330.958.460;1.836.855.476.628.000;0;11.403.596.719.063.100
16.182.011.291.650.900;39.233.032.313.697.800;4.765.332.414.077.060;1;6.376.709.293.105.210
38.477.583.165.770.400;19.529.645.480.871.100;3.904.065.099.428.960;1;12.218.915.739.704.800
6.508.959.563.110.070;600.194.658.775.937;2.431.091.799.240.690;0;5.467.432.875.530.070
30.645.035.819.209.200;12.987.037.075.602.300;6.302.290.368.966.820;0;10.050.778.114.488.400
39.310.640.858.331.000;29.494.283.095.511.900;4.289.400.702.544.410;0;12.161.129.344.431.900
4.445.445.365.427.870;19.040.725.174.750.600;2.936.898.482.330.570;1;13.920.044.547.850.800
20.393.678.692.215.800;15.035.531.405.830.700;4.152.836.784.427.120;1;945.387.570.028.588
4.195.657.871.024.050;15.779.051.142.801.400;4.994.215.563.855.000;0;13.085.383.223.313.500
9.978.428.162.984.320;18.377.870.736.239.400;2.158.324.324.475.750;0;7.335.037.517.113.000
4.309.035.312.805.330;31.400.661.753.482.200;30.911.079.307.250.900;1;1.446.504.324.926.330
10.736.989.804.939.200;3.568.338.755.760.930;559.273.780.715.477;0;8.253.621.812.923.780
2.287.792.807.521.650;3.821.338.746.015.710;3.960.424.890.892.500;0;1.144.966.536.228.420
40.878.291.460.079.900;31.476.135.450.211.800;4.368.912.567.551.780;0;13.848.766.338.138.100
11.746.284.230.694.800;12.616.275.829.920.500;3.834.235.210.384.500;1;6.535.240.132.871.640
15.316.312.785.468.800;27.525.388.243.461.600;2.006.329.730.422.120;1;9.737.614.080.940.620
37.501.365.577.687.900;17.504.124.962.215.600;25.790.239.651.547.300;1;1.303.091.108.941.500
37.401.644.144.573.300;10.186.824.881.842.000;3.894.045.702.086.880;1;1.201.367.762.072.630
3.385.164.347.983.830;33.634.863.177.036.900;27.831.716.874.172.600;1;14.295.032.625.487.600
36.227.680.001.019.500;15.370.539.584.929.900;203.490.143.470.049;1;12.290.758.120.101.700
2.942.259.995.064.180;3.607.047.968.541.690;5.765.153.421.043.570;0;10.348.893.615.947.500
16.330.957.650.812.800;18.459.098.584.989.300;6.411.604.887.071.340;1;7.725.365.198.435.820
20.556.319.707.676.300;25.488.059.072.331.200;5.527.771.507.784.670;1;9.042.988.983.436.010
13.171.897.256.064.100;26.374.156.888.231.300;5.812.789.132.011.930;0;7.181.450.334.194.820
4.588.027.526.001.320;35.804.709.628.261.400;29.372.925.124.901.100;1;16.805.055.995.657.800
3.125.263.076.447.540;25.466.787.286.688.200;6.314.946.784.912.030;1;10.074.605.618.617.300
23.038.313.754.363.700;24.557.343.390.402.400;27.255.508.109.311.100;0;1.019.156.202.728.610
2.579.026.116.398.590;26.660.816.224.275.900;6.271.720.108.700.610;0;6.969.751.432.561.480
4.762.775.028.253.160;2.073.632.087.780.810;647.565.068.163.997;0;12.162.700.673.228.200
11.900.813.140.223.600;6.006.760.032.681.660;5.145.097.187.006.420;1;5.961.509.825.958.490
31.380.342.440.755.800;29.497.350.748.859.400;6.411.375.539.421.560;0;11.685.947.054.141.300
2.776.499.054.980.090;2.048.887.683.250.690;4.476.836.963.965.380;1;953.365.090.232.518
32.515.440.594.559.100;27.209.111.168.334.100;30.198.463.809.276.200;1;12.653.753.516.390.000
5.814.958.271.937.820;16.669.160.240.953.700;38.538.806.626.284.100;1;51.896.760.725.383.700
4.424.557.590.248.680;3.391.680.641.832.120;4.589.736.396.280.290;1;12.387.120.534.531.800
4.694.532.271.176.250;28.652.935.522.507.200;21.434.833.415.269.700;0;1.555.299.368.713.170
30.430.993.261.514.400;28.833.734.399.469.300;4.725.013.343.701.050;0;8.304.753.673.925.190
36.349.287.074.460.100;2.850.269.110.610.340;6.411.535.832.782.780;1;990.850.439.881.955
4.651.247.215.297.830;;26.935.059.539.835.100;0;1.261.610.658.584.750
36.825.738.544.102.900;382.600.559.319.792;5.525.197.046.555.400;1;12.068.392.807.611.900
1.186.425.693.114.170;2.950.033.437.836.020;6.067.124.330.764.210;1;7.796.612.081.371.930
30.932.976.207.506.500;14.130.056.340.082.500;6.235.397.486.255.030;1;10.178.493.915.501.400
32.302.177.087.228.500;1.186.142.325.150.620;6.312.637.340.705.600;0;9.278.861.095.638.930
2.408.588.020.860.730;13.988.129.189.833.900;4.250.860.301.990.910;1;9.425.333.570.015.580
3.813.999.060.311.250;30.986.141.247.247.200;6.393.347.167.560.060;1;12.947.374.842.980.000
4.704.651.566.460.560;26.454.824.442.816.500;5.359.357.973.531.860;0;1.395.817.992.996.950
4.665.058.308.080.490;74.078.227.146.987.100;25.598.557.503.137.200;0;14.094.823.335.560.600
2.528.777.171.318.590;6.964.373.413.363.370;40.414.305.003.994.500;0;8.445.247.865.069.600
10.095.712.062.833.900;39.358.259.885.358.900;5.176.156.524.248.410;0;5.401.922.098.812.430
4.931.785.395.330.500;26.412.108.788.053.500;29.624.994.843.496.900;1;1.615.568.261.449.670
4.275.041.389.006.700;30.574.906.488.869.400;481.089.136.267.977;0;13.687.655.587.586.000
10.609.820.654.147.000;10.601.857.133.000.100;493.302.225.151.911;1;53.685.710.313.538.400
4.643.788.471.778.170;;25.646.887.959.002.500;0;13.215.734.348.055.900
4.414.533.629.279.570;3.286.866.699.057.090;4.455.900.968.527.950;0;11.448.088.651.472.500
28.347.712.570.673.200;3.871.440.139.380.120;5.426.646.481.599.450;0;10.734.230.021.574.700
31.607.394.608.521.800;1.181.779.109.909.680;4.144.809.623.318.920;0;9.786.809.583.814.580
2.295.512.167.415.580;30.768.925.913.525.300;1.856.884.648.847.700;0;10.590.978.617.539.700
746.427.374.699.141;2.498.654.275.417.050;1.842.480.804.672.670;0;863.292.346.890.407
2.008.387.587.406.550;15.277.585.586.115.800;3.478.037.916.659.050;1;9.665.632.594.367.040
4.112.840.518.691.050;8.227.490.487.822.200;61.531.121.216.293.700;0;11.767.507.966.665.300
5.208.441.035.207.120;4.855.456.726.376.250;28.747.808.641.369.600;0;4.381.286.803.305.260
20.007.462.726.101.400;24.600.518.721.554.600;478.150.933.769.693;0;8.614.406.249.051.650
2.291.759.121.159.240;3.098.535.122.551.150;28.437.565.922.586.000;0;9.993.714.231.628.060
2.918.280.213.220.650;25.756.170.141.645.200;3.311.848.951.399.870;1;11.393.282.123.474.400
46.393.502.738.574.200;2.121.208.532.996.630;57.857.978.211.269.700;0;12.623.704.971.840.300
20.585.569.746.468.200;16.780.489.372.654.500;522.564.877.866.875;0;7.258.325.478.161.290
20.612.894.085.330.200;38.739.551.103.775.300;22.483.766.033.720.800;0;10.899.439.764.631.100
3.818.755.616.493.860;3.194.856.766.618.290;3.814.899.498.636.230;0;13.820.136.563.811.200
25.349.807.340.041.300;11.712.881.468.038.500;1.937.097.889.132.740;1;10.840.503.485.679.200
15.107.217.032.299.100;3.919.881.317.435.400;40.601.836.890.341.400;0;10.279.075.991.943.400
25.359.778.225.971.200;24.075.263.585.452.800;491.343.985.499.502;1;93.015.346.929.631
11.338.565.917.090.900;23.296.906.328.289.800;23.569.623.309.113.100;0;8.582.601.144.119.130
1.293.741.439.278.000;29.922.927.177.181.200;31.577.592.128.730.700;1;9.475.657.881.494.330
2.742.654.977.327.650;324.707.915.236.055;3.669.832.139.860.130;1;11.261.367.787.600.100
23.851.645.227.704.600;26.259.144.293.260.100;61.217.958.158.834.300;0;9.313.729.349.296.600
4.616.806.554.806.450;5.123.829.854.648.000;646.829.857.248.793;0;1.157.744.269.325.380
2.130.772.546.024.840;13.530.700.239.779.900;20.110.831.052.793.900;1;9.724.721.428.615.690
31.126.475.762.511.900;3.712.334.561.304.190;5.376.737.240.428.340;1;1.159.482.643.784.550
33.451.892.956.378.800;8.984.624.473.754.070;3.547.103.112.091.010;0;10.276.042.267.406
5.589.250.546.475.010;14.886.680.953.500.500;3.644.553.475.278.550;1;7.011.413.895.828.730
3.485.918.174.075.190;1.728.307.531.776.780;53.450.453.747.310.000;1;11.182.301.095.685.000
13.011.618.509.138.800;1.757.619.958.777.800;6.116.604.231.083.420;1;684.118.255.407.403
4.824.816.428.612.540;2.451.758.329.978.100;62.693.643.941.619.700;0;13.080.907.633.292.800
11.689.822.748.890.000;377.230.335.097.883;4.512.476.154.380.100;1;8.209.642.680.260.200
2.365.808.556.771.600;96.277.084.733.002;3.478.469.448.712.360;1;980.359.147.167.602
8.840.735.063.538.970;48.600.550.520.367.200;5.501.480.703.536.260;1;42.314.229.593.268.300
4.985.934.133.306.760;7.898.819.594.397.490;29.797.065.013.328.100;0;13.906.313.699.546.200
27.598.775.464.905.900;3.547.699.600.837.070;4.451.147.935.517.530;0;11.149.354.511.428.100
3.179.232.577.940.190;25.832.432.506.208.200;34.853.187.691.669.000;1;1.223.808.667.271.360
8.018.441.482.479.230;11.436.271.569.566.400;4.886.166.046.427.010;0;49.859.603.563.395.700
38.748.221.167.963;3.263.787.755.874.460;29.298.748.905.994.800;1;14.593.646.883.540.300
1.444.575.168.930.130;3.445.479.985.453.740;2.700.486.844.953.680;0;9.641.718.781.655.330
4.541.244.302.483.210;33.860.573.547.611.100;6.115.723.707.374.550;0;14.100.791.407.817.700
14.231.283.821.690.300;3.675.706.134.558.210;22.784.773.098.628.200;1;9.654.681.112.719.310
13.580.947.429.864.900;10.089.640.806.934.400;4.178.002.166.354.170;0;62.922.821.183.862.600
664.473.505.316.427;30.201.677.149.851.100;2.838.008.079.926.140;0;7.923.458.573.596.340
26.243.012.529.949.900;184.215.798.909.656;1.982.970.827.630.630;0;11.178.167.077.238.800
30.417.850.996.817.700;3.367.994.211.560.240;1.969.288.445.969.700;1;1.260.689.161.988.630
7.956.888.774.275.850;2.913.962.708.646.450;26.235.423.288.973.800;0;778.651.670.749.974
39.898.742.751.275.400;31.057.897.859.988.900;58.738.206.661.782.000;0;11.538.357.421.277.700
25.397.997.563.661.200;2.624.647.350.724.280;31.276.500.966.920.200;1;1.113.895.979.599.580
285.975.621.197.411;7.097.150.778.788.270;62.671.581.017.038.800;0;9.102.588.943.772.320
2.483.432.361.222.020;2.180.107.675.587.750;4.533.624.777.049.200;0;897.019.211.575.516
23.034.337.739.389.600;3.938.678.958.098.030;38.520.866.919.132.000;0;10.414.605.845.653.900
30.183.814.908.869.800;37.495.522.659.884.700;4.526.417.522.946.430;0;12.155.210.923.877.900
11.985.811.066.882.000;17.269.494.318.804.600;42.284.824.105.634.500;0;4.649.676.205.040.290
131.867.658.722.872;6.592.592.629.177.480;53.662.483.926.594.200;1;5.665.258.873.519.400
4.378.035.294.560.820;5.269.150.938.182.470;31.277.315.100.724.000;1;13.411.957.477.930.900
4.757.519.579.601.340;2.903.919.639.941.180;3.459.336.840.521.420;0;14.791.363.527.050.200
21.798.919.232.588.800;327.114.131.942.778;60.022.432.219.062.700;0;8.857.590.297.501.370
1.718.351.029.145.990;8.540.454.652.426.870;6.248.345.611.806.900;0;63.678.584.797.401.900
33.979.979.445.755.700;2.023.410.771.807.310;59.950.236.691.864.300;1;1.112.798.571.377.200
23.393.037.699.414.300;33.628.121.120.448;3.771.405.571.599.370;1;11.116.563.641.866.700
6.142.386.004.715.510;29.312.061.790.650.000;5.467.717.864.132.340;0;5.670.022.072.493.910
12.026.866.881.478.500;21.689.488.219.673.900;4.038.777.946.515.160;0;7.306.174.018.246.520
3.721.875.029.813.280;23.613.907.618.350.900;413.843.730.508.668;1;12.701.777.676.501.400
3.465.157.738.595.680;203.344.218.766.512;27.619.965.125.692.300;0;12.404.973.776.001.700
6.219.319.662.656.750;11.901.938.052.752.800;4.578.312.425.315.020;1;5.158.396.751.535.070
14.988.747.286.982.700;22.600.879.714.360.600;26.748.387.194.407.300;1;887.711.598.763.526
15.398.365.846.463.200;27.555.412.082.003.600;3.358.354.085.615.810;0;810.995.019.676.902
35.235.173.461.942.700;3.493.291.663.443.230;58.186.419.476.136.900;1;12.414.843.244.333.100
5.886.974.198.946.380;25.451.654.159.169.900;27.732.563.032.910.100;0;6.421.398.589.062.930
9.684.886.189.305.820;3.044.486.148.172.630;2.134.443.940.315.130;0;7.748.320.961.160.700
4.099.622.384.179.350;640.286.539.818.292;21.243.356.852.802.300;0;12.778.636.731.500.900
13.034.509.792.445.000;18.462.298.976.791.500;6.221.687.246.364.600;0;6.079.412.141.378.850
3.437.357.485.333.430;;4.182.526.058.420.620;0;10.204.749.992.377.500
15.718.225.147.102.600;986.715.458.086.492;37.242.367.375.399.800;0;685.533.624.233.219
9.474.862.674.170.530;29.058.468.604.520.100;56.111.293.307.372.100;1;7.118.111.781.245.490
15.942.748.594.975.400;3.967.239.805.397.450;5.728.381.861.179.420;1;9.273.549.418.860.160
37.502.011.933.504.600;39.671.239.834.886.300;3.361.297.855.643.340;1;11.859.510.281.474.100
4.350.634.106.478.280;1.605.977.263.445.150;5.060.004.870.126.830;1;12.543.220.747.248.200
4.235.989.390.551.460;3.200.283.874.796.630;5.424.277.234.503.860;0;13.394.749.004.823.800
2.287.325.883.283.040;8.161.425.385.155.950;4.876.858.228.269.980;1;8.471.206.831.270.900
3.506.383.114.567.900;2.220.339.797.209.140;2.512.496.851.560.460;1;1.303.637.887.457.680
14.224.293.293.711.900;29.322.851.841.186.900;5.916.650.492.530.160;1;6.689.122.730.586.720
18.191.647.861.745.500;24.639.418.010.407.100;43.337.443.978.592.400;0;8.522.855.626.238.810
4.533.511.183.345.030;7.520.989.384.616.640;31.276.204.039.390.100;1;1.471.115.683.518.850
5.585.086.557.983.120;14.215.382.747.429.500;37.985.724.715.571.600;0;51.749.420.612.339.100
8.847.883.888.451.060;3.135.167.137.941.580;19.765.841.248.748.600;1;8.425.379.876.678.390
14.354.881.481.571.200;22.169.060.565.280.600;24.009.739.657.453.600;0;8.630.688.438.519.710
6.193.949.174.321.880;;5.398.069.727.424.540;0;37.126.788.397.227.100
1.316.459.457.904.080;30.439.630.401.123.700;1.800.054.683.350.220;1;10.264.429.588.931.100
3.123.687.024.363.610;14.124.541.976.095.600;3.757.859.393.866.770;0;8.852.506.609.648.160
23.964.104.776.662.400;29.829.351.309.249.200;42.557.978.511.022.600;0;10.416.960.260.808.700
4.517.022.699.846.380;8.099.222.406.609.490;20.567.817.740.045.600;1;1.444.880.333.584.490
4.178.496.027.822.980;3.832.293.920.477.520;63.734.673.659.699.600;1;13.665.020.240.572.700
2.038.178.082.640.440;1.471.763.005.208.330;2.862.789.056.873.450;1;9.491.715.699.971.670
16.674.054.504.408.100;13.077.264.653.523.100;322.973.398.229.052;0;8.280.853.822.817.400
22.086.158.367.527.000;5.955.522.013.297.780;3.228.529.807.598.620;0;8.715.566.220.784.130
31.563.272.413.166.300;12.224.168.619.608.500;28.829.583.119.515.400;0;1.027.759.916.018.930
1.706.286.383.702.940;3.506.603.047.312.800;18.069.269.638.056.600;1;11.224.470.816.731.000
3.308.670.085.321.100;3.985.337.350.508.980;5.227.920.532.213.580;0;12.159.305.482.426.300
2.342.352.434.860.580;14.732.381.220.273.900;63.441.738.490.566.400;0;7.727.645.491.822.510
2.984.212.313.833.910;179.444.252.381.817;28.541.793.714.397.100;0;11.013.487.456.503.300
2.462.569.381.108.920;28.882.837.528.109.400;4.916.321.801.476.080;0;9.702.483.369.329.430
18.250.959.179.386.200;3.544.783.121.860.290;5.286.912.736.705.960;0;9.438.415.713.566.050
4.768.039.881.329.700;23.721.773.367.471.300;5.787.599.281.725.460;0;1.349.816.301.126.970
39.362.260.737.189.200;15.661.027.927.113.100;37.863.572.259.639.600;0;11.672.382.704.433.300
11.305.092.909.490.300;1.650.487.363.394.490;3.223.775.256.510.010;1;7.272.755.916.373.790
4.408.105.891.540.600;27.824.725.859.872.200;3.328.887.129.908.240;1;14.967.093.645.322.100
26.934.403.921.228.100;;514.932.026.556.301;1;8.937.126.487.146.330
4.525.485.021.023.410;2.478.357.349.839.360;563.886.349.257.649;0;13.515.771.518.104.400
4.099.348.651.762.910;14.219.720.417.654.200;26.535.856.484.560.300;0;12.584.214.473.336.600
24.134.607.701.115.500;31.767.893.251.083.300;35.434.227.383.414.900;1;12.339.236.589.478.400
6.011.118.874.405.280;37.196.255.929.252.800;6.039.118.924.721.000;0;3.612.622.015.443.560
17.090.481.172.322.500;2.352.809.067.793.560;5.591.459.542.565.270;1;8.642.309.086.416.230
29.373.539.659.739.000;1.923.891.559.544.490;6.428.834.492.983.630;0;9.123.546.716.302.960
33.506.519.892.176.600;25.693.021.036.209.000;534.496.682.050.578;0;11.350.941.873.431.800
16.604.945.844.494.100;2.594.143.779.318.730;3.648.017.444.831.230;1;7.624.246.201.087.900
11.271.023.333.277.000;2.319.935.149.712.520;4.575.997.819.774.790;1;7.931.251.232.415.160
4.257.186.065.596.840;2.245.938.351.838.090;49.067.669.949.624.000;1;13.886.423.467.872.000
4.929.809.813.165.980;22.426.403.776.646.800;21.687.423.366.904.800;1;16.505.459.260.154.900
28.656.058.203.620.800;24.139.506.663.858.100;4.359.135.707.788.160;1;10.825.260.954.341.600
12.725.567.863.173.600;27.058.717.489.054.400;5.133.807.893.821.260;0;6.857.034.003.870.420
17.253.829.693.371.600;3.219.955.998.723.070;25.864.101.288.049.800;0;9.899.829.428.412.390
5.827.580.444.636.000;10.792.828.805.128.500;54.689.690.719.001.100;0;4.761.021.893.557.960
4.614.344.629.522.240;33.001.976.407.202.400;4.543.732.068.416.320;1;14.985.620.987.024.200
1.029.879.873.005.630;19.930.227.290.538.100;62.754.423.927.786.900;1;6.549.042.715.722.160
3.094.324.139.814.140;30.823.311.653.732.400;1.999.384.801.572.390;1;11.661.850.744.815.000
1.733.248.493.092.420;2.342.037.169.759.160;30.470.328.465.106.900;1;7.172.183.076.973.520
29.938.010.113.210.700;13.369.532.747.842.400;4.627.303.232.709.170;1;9.825.052.674.216.800
3.431.391.747.583.380;31.395.879.084.458.700;31.938.315.873.678.700;1;13.207.350.498.786.800
4.233.838.116.682.400;2.830.723.738.963.660;5.157.793.571.134.830;0;13.307.164.773.062.900
14.288.957.229.227.100;31.544.598.586.896.200;5.367.324.827.853.070;0;7.435.413.411.987.060
5.494.812.289.631.620;20.690.762.257.664.300;228.182.503.111.243;0;7.289.412.262.416.830
11.159.853.353.096.300;1.760.795.991.821.960;4.215.115.981.771.800;0;6.745.082.903.950.150
4.550.083.888.316.470;5.898.101.068.251.350;4.191.785.611.277.960;0;12.495.846.580.574.400
44.325.053.490.313.100;13.127.710.144.372.400;3.535.619.620.013.040;1;12.929.462.937.671.600
3.188.358.959.766.380;1.736.077.464.695.500;6.184.746.854.077.450;1;9.515.298.556.036.690
320.232.587.195.144;35.440.171.871.846.800;5.689.279.703.404.130;1;9.484.037.892.316.480
34.926.650.354.581.400;882.447.810.844.845;5.076.884.094.975.290;1;9.586.548.459.027.110
12.891.707.538.055.200;23.929.011.762.549.500;5.157.335.187.954.480;1;7.920.313.559.459.800
4.614.853.756.662.310;29.426.524.569.567.500;39.700.658.759.216.500;1;15.019.719.618.743.000
2.384.467.362.014.320;3.993.390.045.571.790;61.286.742.491.539.000;0;1.152.085.612.070.650
22.241.233.771.227.300;3.732.453.325.374.230;5.064.598.508.090.440;1;11.555.868.285.807.600
2.835.129.673.772.760;2.570.260.798.140.760;5.226.210.989.782.330;1;10.522.637.956.543.200
7.113.468.504.877.470;1.684.992.213.176.280;58.499.472.478.005.200;1;5.292.545.346.350.600
12.482.751.594.023.500;25.447.094.588.329.300;3.088.136.469.908.290;1;8.986.040.407.917.920
3.821.151.273.918.660;3.142.606.472.320.920;5.593.233.248.173.500;0;13.211.357.406.566.300
8.725.940.056.630.690;4.733.447.636.935.490;27.176.308.338.955.100;0;49.460.338.766.152.100
3.214.184.492.598.740;1.639.619.558.785.150;3.423.107.175.550.970;1;10.635.323.311.772.700
16.040.709.935.659.400;3.359.209.142.542.460;3.377.369.135.068.260;0;8.895.807.330.854.540
22.518.302.631.888.900;1.535.331.807.732.170;6.399.069.701.428.960;0;782.375.991.343.598
17.991.218.154.681.400;2.287.489.084.908.740;5.825.724.951.615.250;1;8.263.809.218.309.460
21.005.272.240.922.700;23.510.774.434.487.900;5.095.498.349.474.220;1;9.569.052.955.698.390
37.357.065.733.291.000;7.379.050.125.345.570;52.171.667.795.923.300;1;10.353.305.002.707.000
18.370.477.203.042.800;14.489.417.666.091.500;4.441.742.133.692.080;1;6.954.305.855.565.410
30.488.208.813.360.300;13.380.451.549.677.200;6.251.326.135.410.030;1;9.971.421.916.592.310
26.422.268.098.959.400;10.478.683.412.825.900;41.324.161.385.470.900;0;7.887.976.881.338.330
34.865.202.441.319.100;;3.588.433.236.388.500;1;9.746.993.582.327.590
4.715.733.826.961.410;3.326.788.174.703.090;25.662.660.835.784.700;1;16.382.297.024.875.700
37.965.744.374.461.200;10.922.832.398.912.400;54.951.665.656.269.700;1;11.615.980.028.101.100
14.672.317.036.584.000;2.072.315.064.955.260;52.518.864.807.552.700;0;6.905.343.652.842.740
640.324.107.775.781;11.949.022.943.550.900;3.606.468.681.063.430;1;57.044.115.174.126.700
1.680.188.199.349.210;3.762.716.980.461.360;1.918.409.045.608.370;1;10.831.664.344.190.300
31.778.506.881.511.400;1.037.187.035.463.090;57.432.874.402.746.500;1;9.628.515.903.335.050
7.314.161.606.791.260;17.186.272.509.557.400;1.853.664.522.234.140;0;62.368.783.050.356.800
27.336.481.124.055.600;34.909.210.019.384.000;510.738.896.425.654;1;10.848.998.205.738.300
31.857.928.201.260.000;3.367.734.267.167.230;6.360.208.415.712.460;1;11.646.308.798.636.400
20.040.975.086.763.200;7.444.056.713.851.090;3.857.008.242.296.550;1;8.336.054.704.000.700
39.691.049.168.561.900;3.210.573.239.182.840;2.904.375.003.480.970;0;14.138.510.826.301.500
9.796.921.391.019.730;18.327.475.469.515.700;5.112.893.747.203.890;1;5.871.561.201.236.560
8.381.200.178.111.390;19.318.754.883.414.200;564.050.226.747.325;1;5.810.737.711.490.950
37.768.494.029.162.100;5.339.198.896.637.750;4.368.222.485.565.880;1;10.208.190.951.559.000
2.729.710.922.927.890;3.224.060.550.284.980;6.345.065.793.703.880;0;7.634.052.124.969.330
35.978.107.839.248.100;29.117.572.278.950.600;2.042.842.991.792.410;1;1.471.803.470.817.620
2.456.723.023.716.850;19.858.446.094.211.900;4.172.539.312.031.280;1;9.178.786.012.933.980
16.088.091.495.759.800;17.474.028.104.607.100;51.767.335.524.159.800;1;7.234.209.934.653.660
4.185.960.429.533.890;2.918.032.914.609.580;5.854.410.214.401.140;0;1.294.369.547.290.990
4.097.371.455.360.400;3.062.051.595.964.430;26.425.013.759.666.100;0;149.495.548.167.228
36.261.341.188.449.200;63.563.267.067.741.400;5.560.016.364.289.300;1;10.256.653.883.937.000
1.724.653.117.534.830;2.440.900.597.910.560;4.397.723.255.877.160;0;7.857.039.920.826.580
3.156.038.000.910.890;5.414.163.291.107.420;3.663.802.305.352.820;0;8.928.846.341.225.920
21.243.825.362.301.200;30.055.003.441.161.800;24.190.606.343.217.300;0;10.495.354.095.246.300
9.121.193.299.698.530;2.627.820.625.068.550;58.668.900.668.718.800;1;751.408.814.663.048
4.627.911.089.580.090;3.826.458.484.333.830;2.539.184.078.444.660;1;1.668.607.615.838.720
11.156.838.391.353.200;27.583.206.542.568.400;32.560.029.382.827.600;0;5.812.892.371.877.960
4.776.068.092.193.610;22.821.888.460.501.700;31.632.140.002.234.500;0;13.314.145.447.343.000
2.507.025.978.310.800;11.287.482.987.728.000;5.895.645.960.697.010;0;7.963.681.613.317.030
